0,1,2,3,4,5,6,7,8,9,10,11,12
3,NOUN,,,,,NOUN,,,,,1,0
3,NOUN,,,,,NOUN,,,,,1,0
30,INFN,NOUN,INFN,INFN,NPRO,CONJ,ADJF,NOUN,,,1,0
5,ADJF,CONJ,ADVB,CONJ,,,,,,,1,0
6,ADJF,,,,,,NOUN,,,,1,0
4,,,,,,NOUN,ADJF,ADJF,,,1,0
3,NOUN,PREP,,,,,,,,,1,0
3,PREP,CONJ,,,,,,,,,1,0
15,PREP,CONJ,,,,NOUN,CONJ,NOUN,ADJF,NOUN,1,0
14,NOUN,NOUN,ADJF,INFN,NOUN,NOUN,CONJ,NOUN,,,1,0
29,ADJF,PREP,INFN,INFN,NOUN,NOUN,NOUN,ADVB,NPRO,NOUN,1,0
16,ADJF,NOUN,PREP,NOUN,ADJF,,,,,,1,0
3,ADJF,,,,,CONJ,,,,,1,0
11,ADJF,ADJF,NOUN,ADJF,CONJ,PREP,ADJF,NOUN,NOUN,,1,0
16,NOUN,,NOUN,NOUN,PREP,NOUN,ADJF,,NOUN,PREP,1,0
3,ADJF,CONJ,,,,,,,,,2,0
57,ADJF,NOUN,NOUN,NOUN,NOUN,CONJ,NOUN,NOUN,PREP,ADJF,10,0
3,ADJF,,,,,INFN,,,,,2,0
3,,,,,,NOUN,NOUN,,,,1,0
4,,,,,,PREP,ADJF,NOUN,,,2,0
27,ADJF,ADJF,PREP,INFN,,NOUN,CONJ,NPRO,NOUN,NOUN,1,0
31,NOUN,PREP,NOUN,INFN,ADJF,NOUN,NOUN,NUMR,INFN,NOUN,1,0
4,,,,,,NOUN,,NOUN,,,7,0
35,NOUN,ADJF,PREP,NOUN,ADJF,CONJ,ADJF,ADJF,NOUN,,3,0
4,PREP,,,,,PREP,NOUN,,,,1,0
3,,,,,,NOUN,NOUN,,,,22,0
4,,,,,,ADJF,ADJF,PREP,,,3,1
60,,ADJF,INFN,CONJ,NOUN,ADJF,INFN,ADJF,,,1,0
6,,,,,,ADJF,ADJF,NOUN,CONJ,ADJF,6,0
7,,,,,,ADJF,NOUN,PREP,NOUN,CONJ,3,0
17,NOUN,CONJ,NOUN,,,NOUN,NOUN,NOUN,PREP,ADJF,3,0
19,PRTF,ADJF,PREP,NOUN,,NOUN,NOUN,INFN,ADJF,NOUN,1,0
47,ADJF,PREP,NOUN,ADJF,PREP,ADVB,NOUN,NOUN,PREP,NOUN,1,0
25,NOUN,,,,,INFN,ADJF,ADJF,NOUN,CONJ,1,0
3,,,,,,ADJF,NOUN,,,,1,0
11,,,,,,ADJF,ADVB,CONJ,INFN,,20,0
16,,,,,,ADJF,PREP,NOUN,ADJF,INFN,1,0
12,ADJF,,,,,ADJF,CONJ,ADJF,NOUN,ADJF,1,0
13,NUMR,PREP,CONJ,NOUN,NOUN,NOUN,,,,,1,0
4,PREP,NOUN,PREP,,,,,,,,3,0
16,ADJF,NOUN,PREP,NOUN,ADJF,,,,,,1,0
3,NOUN,ADJF,,,,,,,,,2,0
5,ADJF,NOUN,,,,NOUN,ADJF,,,,1,0
8,,,,,,NOUN,NOUN,PREP,NOUN,PREP,1,0
6,NOUN,ADJF,,,,NOUN,,NOUN,,,1,0
19,NOUN,ADJF,NOUN,NOUN,ADJF,CONJ,NOUN,NOUN,CONJ,CONJ,1,0
18,PREP,INFN,ADJF,INFN,CONJ,PREP,NOUN,PREP,NOUN,CONJ,1,0
19,ADJF,PREP,,NOUN,,ADJF,NOUN,NOUN,ADJF,NOUN,1,0
45,NOUN,NOUN,ADJF,PREP,NOUN,NOUN,NOUN,PREP,NOUN,NOUN,1,0
4,,,,,,,,,,,1,0
18,,,,,,ADJF,NOUN,PREP,NOUN,NOUN,10,0
12,ADJF,NOUN,NOUN,NOUN,,ADJF,PREP,NOUN,NOUN,NOUN,3,0
16,NOUN,ADJF,PREP,,,ADJF,CONJ,ADJF,NOUN,NOUN,1,0
16,ADJF,NOUN,PREP,NOUN,ADJF,,,,,,1,0
20,NOUN,CONJ,NOUN,NOUN,ADJF,,,,,,1,0
6,NOUN,NOUN,,,,ADJF,NOUN,INFN,,,1,0
13,NOUN,NOUN,NOUN,,,PREP,NOUN,ADJF,NOUN,INFN,1,0
11,,,,,,NOUN,ADJF,NOUN,ADJF,NOUN,6,0
3,ADJF,,,,,ADJF,,,,,3,0
14,ADJF,NOUN,NOUN,NOUN,,ADJF,ADVB,INFN,NOUN,NOUN,1,0
3,,,,,,NOUN,PREP,,,,20,0
27,NOUN,NOUN,NOUN,PREP,NOUN,CONJ,NOUN,NOUN,INFN,NOUN,1,0
16,NOUN,ADJF,PREP,NOUN,NOUN,NOUN,,,,,3,0
23,NOUN,PREP,NOUN,ADJF,PREP,NOUN,PREP,,NOUN,ADJF,3,0
14,NOUN,ADJF,PREP,NOUN,NOUN,NOUN,,NOUN,PREP,ADJF,1,0
14,ADJF,PREP,NOUN,PREP,NOUN,INFN,ADJF,NOUN,NOUN,NOUN,1,0
8,,,,,,NOUN,NOUN,PREP,NOUN,PREP,1,0
3,,,,,,NOUN,NOUN,,,,14,0
7,,,,,,NOUN,,NOUN,PREP,NOUN,2,0
14,NOUN,ADJF,NOUN,ADJF,ADJF,NOUN,NOUN,,NOUN,,1,0
22,NOUN,PREP,NOUN,PREP,ADVB,ADJF,ADJF,INFN,NOUN,ADJF,1,0
36,,,,,,NOUN,INFN,ADVB,PREP,,1,0
13,NOUN,NOUN,,,,NOUN,CONJ,NOUN,PREP,ADJF,3,0
7,,,,,,INFN,NOUN,NOUN,NOUN,PREP,1,0
8,,,,,,NOUN,NOUN,PREP,NOUN,PREP,1,0
21,,,,,,ADJF,NOUN,ADJF,ADJF,NOUN,1,0
25,NOUN,NOUN,ADJF,ADJF,INFN,NOUN,NOUN,INFN,PREP,NOUN,6,0
7,,,,,,NOUN,PREP,NOUN,PREP,NOUN,1,0
23,CONJ,NOUN,ADJF,PREP,NOUN,PREP,ADJF,NOUN,NOUN,,3,0
3,NOUN,PREP,,,,,,,,,37,1
14,,,,,,NOUN,ADJF,ADJF,NOUN,PREP,1,0
12,ADJF,NOUN,NOUN,ADJF,NOUN,NOUN,NOUN,NOUN,,,6,0
20,ADJF,PREP,INFN,INFN,NOUN,NOUN,ADJF,PREP,NOUN,NOUN,3,0
23,NOUN,PREP,NOUN,CONJ,NOUN,NOUN,,NOUN,PREP,NOUN,1,0
24,ADJF,NOUN,ADJF,PREP,NOUN,ADJF,PREP,ADJF,NOUN,INFN,3,0
69,NOUN,PREP,INFN,NOUN,ADJF,PREP,ADJF,CONJ,ADJF,ADVB,3,0
30,INFN,ADJF,PREP,NOUN,PREP,ADJF,NOUN,CONJ,INFN,ADJF,1,0
82,PREP,NOUN,,PREP,NOUN,NOUN,INFN,PREP,NOUN,ADJF,1,0
17,NOUN,NOUN,NOUN,PREP,NUMR,ADJF,,NOUN,CONJ,CONJ,1,0
3,NOUN,NOUN,,,,,,,,,9,0
25,ADJF,NOUN,NOUN,NOUN,,PREP,ADJF,NOUN,PREP,ADJF,3,0
3,,,,,,NOUN,ADJF,,,,1,0
20,,,,,,NOUN,INFN,ADJF,NOUN,PREP,1,0
19,,,,,,NOUN,,,PREP,NOUN,3,0
15,NOUN,,ADJF,NOUN,,NOUN,NOUN,,,NOUN,1,0
5,,,,,,NOUN,NOUN,NOUN,NOUN,,6,0
3,ADJF,PREP,,,,,,,,,4,0
4,,,,,,ADJF,NOUN,PREP,,,6,0
36,ADJF,NOUN,,PREP,ADJF,ADJF,NOUN,PREP,,NOUN,1,0
4,PREP,NOUN,PREP,,,,,,,,2,0
3,,,,,,NOUN,NOUN,,,,6,0
23,INFN,PRCL,,,INFN,NOUN,NOUN,,,,1,0
15,NOUN,PREP,NOUN,PREP,INTJ,PREP,,INTJ,,,1,0
3,NOUN,,,,,PREP,,,,,3,1
4,,,,,,NOUN,,NOUN,,,1,0
5,ADJF,NOUN,,,,NOUN,ADJF,,,,1,0
3,ADJF,,,,,CONJ,,,,,7,0
20,NOUN,NOUN,NOUN,PREP,ADJF,NOUN,NOUN,CONJ,,NUMR,1,0
14,,,,,,ADJF,NOUN,NUMR,ADJF,NOUN,3,0
40,NOUN,PREP,NOUN,PREP,NOUN,NOUN,NOUN,,,,3,0
5,,,,,,NOUN,INFN,,NOUN,,1,0
3,NOUN,,,,,NOUN,,,,,3,0
5,ADJF,NOUN,,,,NOUN,ADJF,,,,1,0
3,NOUN,,,,,NOUN,,,,,1,0
19,PREP,NOUN,NOUN,PREP,NOUN,NOUN,,,,,1,0
49,NOUN,INFN,NOUN,NOUN,PREP,PREP,NOUN,CONJ,NOUN,PREP,1,0
14,ADJF,NOUN,NOUN,NOUN,,NOUN,PREP,NOUN,INFN,PREP,3,0
23,NOUN,PRCL,PREP,NOUN,NOUN,INFN,ADVB,NOUN,CONJ,ADVB,1,0
53,ADJF,NOUN,ADJF,INFN,ADVB,ADVB,NPRO,INFN,ADJF,PREP,1,0
15,NOUN,PREP,INFN,,,INFN,NOUN,NOUN,INFN,ADJF,1,0
21,NOUN,PREP,NOUN,ADJF,PREP,NOUN,CONJ,CONJ,PREP,NOUN,1,0
25,ADJF,PREP,NOUN,NOUN,NOUN,NOUN,INFN,ADJF,NOUN,NOUN,1,0
7,NOUN,ADJF,,,,NOUN,,,NOUN,,1,0
3,PREP,INFN,,,,,,,,,13,0
36,,NOUN,PREP,NOUN,,NOUN,NOUN,,,,3,0
17,NOUN,NOUN,ADJF,NOUN,NOUN,PREP,ADJF,NOUN,NOUN,PREP,1,0
8,,,,,,NOUN,NOUN,PREP,NOUN,PREP,1,0
12,NOUN,PREP,INFN,ADVB,NOUN,,,,,,1,0
29,NOUN,NOUN,ADJF,ADJF,NOUN,NOUN,,,,NOUN,1,0
27,PREP,CONJ,CONJ,NOUN,PREP,ADJF,NOUN,CONJ,NOUN,,1,0
3,,,,,,PREP,NOUN,,,,6,0
9,NOUN,NOUN,ADVB,ADVB,,NOUN,INFN,NOUN,NOUN,,1,0
17,ADJF,ADJF,NOUN,,NOUN,NOUN,PREP,NOUN,,NOUN,1,0
28,,,,ADJF,,ADJF,NOUN,PREP,ADJF,NOUN,1,0
4,,,,,,ADJF,NOUN,NOUN,,,1,0
29,NOUN,ADJF,NOUN,NOUN,ADJF,ADJF,NOUN,PREP,,NOUN,1,0
52,ADJF,NOUN,PREP,CONJ,NOUN,,,,,,1,0
4,,,,,,NOUN,,NOUN,,,9,0
10,,,,,,PREP,NOUN,ADJF,NOUN,PREP,1,0
69,ADJF,PREP,CONJ,NOUN,ADJF,ADVB,NOUN,NOUN,INFN,PREP,1,0
13,,,,,,ADJF,ADJF,,INFN,NOUN,1,0
86,ADJF,NOUN,,NOUN,CONJ,,NOUN,PREP,NOUN,,3,0
3,,,,,,NOUN,PREP,,,,16,0
3,,,,,,PREP,NOUN,,,,1,0
102,ADJF,PREP,INFN,ADVB,,PREP,ADJF,PRCL,NOUN,CONJ,1,0
22,NOUN,NOUN,INFN,INFN,NOUN,PREP,NOUN,PREP,NOUN,PREP,1,0
22,,,,,,NOUN,INFN,PREP,NOUN,ADJF,6,0
27,PREP,NOUN,ADJF,NOUN,PREP,ADJF,ADJF,ADJF,NOUN,NOUN,1,0
15,,,,,,ADJF,ADJF,NOUN,,NOUN,1,0
12,PRCL,INFN,NOUN,NOUN,ADJF,NOUN,,NOUN,PREP,NOUN,1,0
22,NOUN,,PREP,NOUN,NOUN,NOUN,CONJ,NOUN,PREP,NOUN,1,0
3,,,,,,CONJ,NOUN,,,,1,0
3,,,,,,NOUN,NOUN,,,,1,0
16,NOUN,PREP,ADJF,NOUN,INFN,NOUN,,NOUN,CONJ,PREP,1,0
13,NOUN,NOUN,ADJF,INFN,ADJF,ADJF,NOUN,,,,1,0
4,,,,,,NOUN,ADJF,NOUN,,,3,0
48,NOUN,,NOUN,,,ADJF,NOUN,ADJF,NOUN,ADJF,1,0
14,ADJF,NOUN,ADJF,ADJF,INFN,,,,,,3,0
46,NOUN,PREP,NOUN,ADJF,NOUN,NOUN,PREP,NOUN,CONJ,PREP,3,0
10,,,,,,NOUN,,NOUN,ADJF,,1,0
4,NOUN,ADJF,,,,NOUN,,,,,1,0
99,,NOUN,NOUN,NUMR,INFN,VERB,PREP,ADJF,CONJ,ADJF,1,0
23,NOUN,ADJF,NOUN,,NOUN,NOUN,,NOUN,,,10,0
43,NOUN,,PREP,NOUN,PREP,NOUN,NOUN,NOUN,NOUN,INFN,1,0
5,,,,,,ADJF,NOUN,,NOUN,,1,0
33,,NOUN,PREP,NOUN,,NOUN,NOUN,,,,3,0
16,ADJF,NOUN,NOUN,ADJF,ADJF,INFN,NOUN,PREP,NOUN,CONJ,1,0
3,NOUN,,,,,NOUN,,,,,3,0
21,ADJF,INFN,NOUN,PREP,NOUN,NOUN,NOUN,ADJF,INFN,ADJF,1,0
100,PREP,INFN,NOUN,,,NOUN,NOUN,NOUN,NOUN,NOUN,1,0
30,NOUN,ADJF,,,,NOUN,,ADVB,PREP,ADJF,1,0
5,NOUN,NOUN,PREP,NOUN,,,,,,,12,1
24,PREP,NOUN,CONJ,NOUN,PREP,NOUN,,,,,1,0
11,PREP,NOUN,NOUN,PREP,NOUN,NOUN,NOUN,PREP,,,1,0
5,PREP,,,,,PREP,,NOUN,,,1,0
3,,,,,,NOUN,ADJF,,,,5,0
9,PREP,NOUN,NOUN,PREP,NOUN,NOUN,,,,,4,0
31,NOUN,NOUN,PREP,,NOUN,NOUN,,NOUN,NOUN,,1,0
11,,,,,,NOUN,PREP,NOUN,NOUN,,1,0
21,,,,,,ADJF,ADJF,NOUN,INFN,PREP,1,0
14,NOUN,PREP,NOUN,PREP,NOUN,CONJ,PREP,INFN,PREP,NOUN,1,0
27,NOUN,ADJF,NOUN,ADJF,PREP,ADJF,,NOUN,PREP,ADJF,1,0
16,ADJF,NOUN,NOUN,NOUN,,ADJF,NOUN,PREP,NOUN,NOUN,3,0
13,ADJF,CONJ,ADJF,INFN,NOUN,NOUN,PREP,NOUN,NOUN,INFN,1,0
16,ADJF,NOUN,PREP,NOUN,ADJF,,,,,,1,0
23,,,,,,INFN,ADJF,NOUN,NOUN,PREP,3,0
9,,,,,,NOUN,ADJF,PREP,ADJF,PREP,1,0
6,,,,,,PREP,NOUN,PREP,,NOUN,2,0
3,PREP,CONJ,,,,,,,,,2,0
3,NOUN,NOUN,,,,,,,,,1,0
46,NOUN,PREP,NOUN,,PREP,NOUN,,NOUN,PREP,NOUN,1,0
17,,,,,,NOUN,ADJF,ADJF,,PREP,1,0
23,PREP,NOUN,ADJF,CONJ,NOUN,ADJF,ADJF,PREP,NOUN,ADJF,1,0
8,,,,,,NOUN,NOUN,PREP,NOUN,PREP,1,0
3,NOUN,,,,,NOUN,,,,,1,0
24,PREP,,NOUN,PREP,ADVB,PREP,,INTJ,PREP,NOUN,1,0
29,PRCL,GRND,NOUN,NUMR,INFN,,NOUN,,INTJ,,3,0
12,,,,,,NOUN,ADJF,NOUN,CONJ,INFN,1,0
11,ADJF,NOUN,ADJF,NOUN,NOUN,INFN,PREP,NOUN,NOUN,,3,0
13,PREP,ADVB,INFN,NOUN,PREP,PREP,NOUN,,,,1,0
3,NOUN,PREP,,,,,,,,,8,0
12,,,,,,NOUN,ADJF,NOUN,PREP,ADJF,1,0
10,ADJF,NOUN,INFN,INFN,NOUN,ADJF,NOUN,,,,3,0
12,ADJF,ADJF,NOUN,,ADJF,PREP,ADJF,NOUN,,,1,0
16,ADJF,NOUN,PREP,NOUN,ADJF,,,,,,1,0
24,INFN,PRCL,,,INFN,NOUN,NOUN,,,,1,0
29,NOUN,ADJF,NOUN,ADVB,NOUN,PREP,NUMR,NOUN,PREP,ADJF,3,0
28,NOUN,NOUN,PREP,NOUN,ADJF,ADVB,,,,,3,0
16,INFN,,,NOUN,ADJF,,,NOUN,CONJ,,1,0
3,NOUN,NOUN,,,,,,,,,1,0
23,NOUN,ADJF,NOUN,,PREP,NOUN,INFN,NOUN,,NOUN,1,0
7,NOUN,INFN,NOUN,PREP,,ADJF,NOUN,,,,6,0
11,ADJF,NOUN,NOUN,CONJ,NOUN,,,,,,3,0
4,,,,,,PREP,NOUN,ADJF,,,1,0
9,,,,,,ADJF,NOUN,ADJF,INFN,PREP,1,0
28,NOUN,PREP,INFN,NOUN,ADJF,PREP,NOUN,NOUN,NOUN,CONJ,3,0
15,,,,,,ADJF,NOUN,ADJF,NOUN,ADJF,3,0
19,NOUN,ADJF,,,,NOUN,,NOUN,PREP,NOUN,1,0
3,,,,,,PREP,ADJF,,,,8,0
34,ADJF,NOUN,NOUN,PREP,NOUN,NOUN,NOUN,NOUN,NOUN,ADJF,3,0
4,NOUN,ADJF,,,,ADJF,,,,,1,0
38,PREP,NOUN,INFN,PREP,NOUN,ADJF,NOUN,NOUN,CONJ,NOUN,3,0
8,NOUN,ADJF,ADJF,,,NOUN,ADJF,ADJF,ADJF,,3,0
10,ADJF,PREP,NOUN,NOUN,ADJF,,,,,,3,0
5,,,,,,NOUN,NOUN,,NOUN,,3,0
22,NOUN,,PREP,NOUN,NOUN,NOUN,PREP,NOUN,ADJF,NOUN,1,0
4,,,,,,NOUN,,NOUN,,,2,0
3,,,,,,INFN,PREP,,,,2,0
16,ADJF,NOUN,PREP,NOUN,ADJF,,,,,,1,0
20,ADJF,NOUN,,,,NOUN,NOUN,ADJF,NOUN,PREP,3,0
3,,,,,,PREP,NOUN,,,,29,0
19,ADJF,NOUN,PREP,NOUN,ADJF,,,,,,1,0
12,PREP,INFN,NOUN,ADJF,ADJF,NOUN,ADVB,ADJF,,,1,0
19,,,,,,NOUN,,NOUN,ADJF,ADJF,6,0
34,ADJF,PREP,NOUN,NOUN,NOUN,PREP,NOUN,NUMR,ADJF,NOUN,3,0
18,ADJF,INFN,ADJF,PREP,NOUN,,NOUN,,,,1,0
20,CONJ,NOUN,NOUN,NOUN,NOUN,NOUN,NOUN,NOUN,,,3,0
23,NOUN,ADJF,NOUN,NOUN,ADJF,NOUN,,NOUN,,,10,0
21,NOUN,ADJF,PREP,NOUN,ADJF,NOUN,,,,,1,0
3,PREP,,,,,INFN,,,,,4,0
18,NOUN,NOUN,NOUN,NOUN,,NOUN,CONJ,NOUN,NOUN,ADJF,1,0
18,CONJ,NOUN,NOUN,PREP,ADJF,NOUN,PREP,NPRO,,,1,0
28,NOUN,PREP,NOUN,ADVB,NOUN,NOUN,,,,,1,0
4,NOUN,ADJF,,,,NOUN,,,,,1,0
10,NOUN,,ADJF,NOUN,,NOUN,,,,,1,0
3,PREP,,,,,ADJF,,,,,4,0
7,ADJF,NOUN,NOUN,PREP,,ADJF,NOUN,,,,3,0
10,NOUN,NOUN,NOUN,,,PREP,NOUN,PREP,NOUN,ADJF,1,0
25,NOUN,NOUN,ADJF,PREP,NOUN,ADJF,ADJF,NOUN,PREP,ADJF,1,0
59,ADJF,PREP,NOUN,ADJF,ADJF,CONJ,ADJF,NOUN,,,1,0
3,,,,,,PREP,NOUN,,,,7,0
6,ADJF,NOUN,PREP,NOUN,NOUN,,,,,,4,0
4,NOUN,NOUN,PREP,,,,,,,,2,0
25,PREP,INFN,ADJF,PREP,NOUN,NOUN,CONJ,,ADJF,PREP,1,0
6,INFN,PRCL,,,,NOUN,NOUN,,,,165,0
31,,NOUN,NPRO,PREP,NOUN,NOUN,NOUN,,ADJF,NOUN,15,0
3,,,,,,NOUN,PREP,,,,1,0
18,NOUN,NOUN,NOUN,NOUN,NOUN,,NOUN,NOUN,NOUN,PREP,1,0
8,INFN,NOUN,PREP,,,NOUN,ADJF,ADJF,NOUN,,1,0
14,NOUN,NOUN,PREP,NOUN,ADJF,NOUN,ADJF,NOUN,PREP,NOUN,1,0
11,,,,,,NOUN,NOUN,ADJF,NOUN,PREP,3,0
11,,,,,,NOUN,PREP,ADJF,NOUN,INFN,1,0
4,,,,,,PREP,NOUN,NOUN,,,1,0
5,ADJF,ADJF,,,,ADJF,ADJF,,,,1,0
44,ADJF,NOUN,PREP,INFN,NOUN,PREP,NOUN,ADJF,NOUN,ADJF,1,0
3,INFN,NOUN,,,,,,,,,1,0
24,INFN,PRCL,,,INFN,NOUN,NOUN,,,,3,0
25,INFN,PRCL,PRCL,,,NOUN,NOUN,,,,1,0
30,ADJF,NOUN,CONJ,NOUN,NOUN,ADJF,NOUN,NOUN,,NOUN,1,0
31,NOUN,NOUN,ADJF,PREP,NOUN,INFN,PREP,NOUN,PREP,NOUN,6,0
15,NOUN,ADVB,NOUN,NOUN,ADVB,PREP,NOUN,NOUN,,,1,0
11,PREP,NOUN,ADJF,PREP,INFN,NOUN,PREP,NOUN,,,1,0
4,NOUN,ADJF,ADVB,,,,,,,,2,0
13,,,,,,CONJ,NOUN,NOUN,ADVB,ADJF,9,0
3,PREP,NOUN,,,,,,,,,2,0
3,PREP,NOUN,,,,,,,,,6,0
8,,,,,,ADJF,NOUN,PREP,NOUN,NOUN,1,0
22,ADJF,,,NOUN,,,NOUN,,,ADJF,1,0
6,,,,,,PREP,NOUN,NOUN,PREP,ADJF,10,0
31,ADJF,NOUN,ADJF,CONJ,NOUN,PREP,ADJF,ADVB,INFN,ADJF,1,0
17,ADJF,CONJ,NOUN,NOUN,PREP,NOUN,NOUN,PREP,NOUN,NOUN,1,0
20,,,,,,INFN,ADJF,NOUN,ADJF,NOUN,6,0
20,ADJF,CONJ,INFN,,NOUN,PREP,PREP,NOUN,PREP,ADJF,3,0
30,PREP,NOUN,,PREP,NOUN,PREP,,PREP,,NOUN,1,0
32,NOUN,CONJ,NOUN,PREP,INFN,NOUN,PREP,NOUN,NOUN,,6,0
3,ADJF,,,,,PREP,,,,,1,0
18,NOUN,ADJF,ADVB,CONJ,CONJ,NOUN,PREP,NOUN,,NOUN,1,0
14,NOUN,ADJF,CONJ,ADJS,NOUN,NOUN,,NOUN,PREP,NOUN,1,0
23,NOUN,,NOUN,ADJF,ADJF,NOUN,NOUN,NOUN,PREP,ADJF,1,0
20,ADJF,NOUN,ADVB,,NOUN,PREP,NOUN,,,,3,0
12,CONJ,NOUN,ADJF,PREP,NOUN,ADJF,NOUN,,,,1,0
3,,,,,,PREP,NOUN,,,,31,0
11,,,,,,NOUN,NOUN,PREP,NOUN,ADJF,1,0
3,INFN,NOUN,,,,,,,,,2,0
4,NOUN,ADJF,,,,NOUN,,,,,1,0
6,ADJF,NOUN,,NOUN,NOUN,,,,,,1,0
34,PREP,NOUN,NOUN,ADJF,NOUN,NOUN,PREP,NOUN,,,3,0
17,ADJF,NOUN,ADJF,,,INFN,PREP,NOUN,PREP,NOUN,1,0
3,,,,,,PREP,NOUN,,,,4,0
25,NOUN,PREP,INFN,NOUN,PREP,NOUN,INFN,ADJF,NOUN,,1,0
4,NOUN,NOUN,ADJF,,,,,,,,2,0
5,ADJF,NOUN,,,,NOUN,ADJF,,,,1,0
19,NOUN,NOUN,INFN,NOUN,PRCL,CONJ,NOUN,PREP,NOUN,CONJ,1,0
3,,,,,,PREP,ADJF,,,,3,0
17,NOUN,ADVB,VERB,NOUN,ADJF,PREP,NOUN,NOUN,PREP,NOUN,1,0
11,NOUN,NOUN,ADJF,,,NOUN,,NOUN,INFN,NOUN,1,0
40,PREP,ADVB,INFN,CONJ,NOUN,NOUN,PREP,NOUN,NOUN,NOUN,1,0
16,ADJF,NOUN,PREP,NOUN,ADJF,,,,,,1,0
5,ADJF,NOUN,,,,NOUN,ADJF,,,,1,0
3,NUMR,,,,,NOUN,,,,,3,0
10,,,,,,NOUN,,NOUN,PREP,NOUN,36,0
7,ADJF,NOUN,NOUN,,,PREP,NOUN,NOUN,,,1,0
17,ADJF,CONJ,NOUN,ADJF,PREP,CONJ,ADJF,PRCL,PRCL,INFN,1,0
7,,,,,,NOUN,ADJF,PREP,,NOUN,6,0
34,NOUN,CONJ,CONJ,NOUN,ADJF,NOUN,NOUN,NOUN,,,3,0
14,,,,,,ADJF,ADJF,NOUN,INFN,PREP,1,0
6,,,,,,NOUN,NOUN,CONJ,NOUN,ADJF,6,0
20,NOUN,NOUN,NOUN,PREP,INFN,PREP,ADJF,NOUN,,,1,0
20,NOUN,ADJF,ADJF,ADJF,NOUN,NOUN,NOUN,,NOUN,PREP,1,0
5,NOUN,NOUN,ADJF,ADJF,,,,,,,15,0
15,,,,,,,PREP,ADJF,NOUN,ADJF,1,0
4,ADJF,ADJF,,,,PREP,,,,,1,1
15,NOUN,NOUN,NOUN,,,CONJ,INFN,ADVB,NPRO,ADJF,1,0
3,ADJF,,,,,ADJF,,,,,1,0
17,ADJF,PREP,INFN,NOUN,NOUN,CONJ,NOUN,,,,1,0
12,,,,,,,PREP,NOUN,NOUN,NOUN,1,0
22,ADJF,NOUN,PREP,,NOUN,,,,,,1,0
16,ADJF,NOUN,PREP,NOUN,ADJF,,,,,,1,0
11,NOUN,,NOUN,ADJF,NOUN,NOUN,,,,,1,0
33,NOUN,NOUN,INFN,NOUN,NOUN,PREP,NOUN,NOUN,PREP,NOUN,1,0
3,,,,,,NOUN,PREP,,,,8,0
30,ADJF,NOUN,ADJF,NOUN,ADJF,,,,,,3,0
3,,,,,,NOUN,NOUN,,,,3,0
5,NOUN,ADJF,ADJF,,,NOUN,,,,,1,0
43,NOUN,INFN,ADVB,NOUN,ADJF,PREP,NOUN,NOUN,NOUN,NOUN,3,0
23,NOUN,PREP,NOUN,NOUN,PREP,INFN,PREP,NOUN,INFN,PREP,6,0
14,NOUN,NOUN,NOUN,,,ADJF,ADJF,NOUN,ADJF,NOUN,6,0
16,ADJF,NOUN,PREP,NOUN,NOUN,,,,,,1,0
36,ADVB,,,,,NOUN,INFN,NOUN,ADJF,NOUN,1,0
16,ADJF,NOUN,PREP,NOUN,ADJF,,,,,,1,0
16,ADJF,NOUN,PREP,NOUN,ADJF,,,,,,1,0
36,ADJF,PREP,ADJF,INFN,NOUN,ADJF,ADVB,CONJ,INFN,,10,0
18,NOUN,,NOUN,NOUN,PREP,,NOUN,NOUN,INFN,,3,0
3,,,,,,ADJF,ADVB,,,,1,0
11,ADJF,ADJF,ADJF,ADVB,CONJ,NOUN,ADJF,NOUN,,,1,0
22,PREP,INFN,ADJF,NOUN,NOUN,PREP,NOUN,PREP,NOUN,ADVB,1,0
74,NOUN,CONJ,,ADJF,INFN,INFN,PRCL,ADJF,PREP,NOUN,3,0
23,NOUN,NOUN,ADJF,NOUN,NOUN,ADJF,,NOUN,ADJF,ADJF,1,0
5,NOUN,,,,,NOUN,,NOUN,,,1,0
3,ADJF,INFN,,,,,,,,,2,1
28,PREP,NOUN,PREP,INFN,NOUN,CONJ,NOUN,CONJ,ADJF,NOUN,1,0
28,ADJF,ADJF,INFN,ADVB,NPRO,,ADVB,NOUN,ADVB,INFN,1,0
4,NOUN,ADJF,NOUN,,,,,,,,1,0
16,ADJF,NOUN,PREP,NOUN,ADJF,,,,,,1,0
12,,ADJF,CONJ,CONJ,,PREP,NOUN,ADJF,NOUN,PREP,1,0
11,NOUN,ADJF,,,,ADJF,ADJF,NOUN,,NOUN,1,0
4,NOUN,ADJF,PREP,,,,,,,,1,0
4,PREP,,,,,PREP,NOUN,,,,3,0
3,PREP,,,,,ADJF,,,,,1,0
3,INFN,NOUN,,,,,,,,,1,0
16,NOUN,ADJF,NOUN,NOUN,NUMR,NOUN,,,,,1,0
22,ADJF,NOUN,NOUN,NPRO,,CONJ,ADJF,NOUN,ADJF,NOUN,1,0
3,ADJF,,,,,ADJF,,,,,6,0
31,NOUN,PREP,ADVB,NOUN,PREP,NOUN,NOUN,NOUN,,,6,0
3,,,,,,PREP,NOUN,,,,111,0
24,NOUN,INFN,PRCL,,,NOUN,,,,,1,0
3,,,,,,PREP,NOUN,,,,3,0
12,NOUN,NOUN,ADJF,ADJF,,NOUN,,NOUN,PREP,ADJF,3,0
18,ADJF,NOUN,ADJF,PREP,,CONJ,INTJ,NOUN,ADJF,NOUN,3,0
13,ADJF,NOUN,ADJF,NOUN,,,,,,,1,0
7,,,,,,NOUN,PREP,NOUN,PREP,NOUN,6,0
3,,,,,,NOUN,ADJF,,,,1,0
13,ADVB,INFN,NOUN,NOUN,PREP,NOUN,PREP,NOUN,ADJF,ADJF,1,0
16,NOUN,NOUN,NOUN,ADJF,PREP,PRCL,INFN,NOUN,PREP,ADJF,1,0
10,NOUN,ADJF,NOUN,,NOUN,,,,,,1,0
9,NOUN,NOUN,ADJF,,,ADJF,,NOUN,ADVB,PREP,1,0
6,,,,,,ADJF,,NOUN,ADJF,,3,0
23,ADJF,PREP,NOUN,INFN,ADJF,ADJF,ADJF,NOUN,NOUN,NOUN,6,0
4,NOUN,ADJF,ADJF,,,,,,,,6,0
13,,,,,,INFN,ADVB,ADJF,CONJ,ADJF,1,0
4,,,,,,NOUN,,ADJF,,,1,0
4,,,,,,NOUN,,NOUN,,,1,0
3,,,,,,ADVB,ADJF,,,,1,0
42,ADJF,PREP,INFN,PRCL,NOUN,CONJ,INFN,ADVB,PREP,,6,0
22,NOUN,PREP,NOUN,ADJF,NOUN,NOUN,,,,,1,0
27,NOUN,PREP,NOUN,NOUN,PREP,ADJF,PREP,NOUN,NOUN,PREP,1,0
25,ADJF,NOUN,ADJF,CONJ,ADJF,PREP,NOUN,ADJF,NOUN,INFN,1,0
24,INFN,PRCL,,,INFN,NOUN,NOUN,,,,3,0
8,,,,,,NOUN,NOUN,PREP,NOUN,PREP,1,0
46,PREP,NOUN,INFN,NOUN,ADJF,INFN,NOUN,PREP,ADJF,CONJ,1,0
41,NOUN,VERB,NPRO,INFN,NOUN,CONJ,NOUN,ADJF,NOUN,,1,0
88,NOUN,PREP,NOUN,NOUN,ADJF,PREP,ADJF,NOUN,NOUN,NOUN,6,0
4,NOUN,NOUN,ADJF,,,,,,,,1,0
17,ADJF,PREP,,,,NOUN,NOUN,INFN,NOUN,NOUN,1,0
31,NOUN,PREP,NOUN,ADJF,NOUN,NOUN,NOUN,NOUN,CONJ,,1,0
31,ADJF,NOUN,,NOUN,,NOUN,NOUN,ADJF,ADJF,NOUN,1,0
71,ADJF,NUMR,NOUN,,INTJ,NOUN,,,ADJF,,55,0
16,ADJF,NOUN,PREP,NOUN,ADJF,,,,,,1,0
5,INFN,NOUN,ADJF,ADJF,,,,,,,1,1
3,NOUN,PREP,,,,,,,,,28,0
14,,,,,,INFN,ADJF,NOUN,NOUN,PREP,1,0
19,NOUN,,ADJF,NOUN,,ADJF,ADJF,,NOUN,NOUN,1,0
16,,,,,,ADJF,NOUN,PREP,ADJF,INFN,6,0
3,PREP,,,,,ADJF,,,,,1,0
106,ADJF,ADVB,NOUN,ADJF,NOUN,PREP,NOUN,NOUN,NOUN,PREP,1,0
19,NOUN,INFN,NOUN,NPRO,PREP,ADJF,NOUN,PREP,ADJF,INFN,1,0
29,ADVB,CONJ,NOUN,ADJF,INFN,NOUN,ADJF,ADVB,INFN,PREP,1,0
12,PREP,ADJF,CONJ,NOUN,INFN,NOUN,,,,,1,0
15,ADJF,ADJF,PREP,ADJF,NOUN,ADJF,NOUN,NOUN,NOUN,,1,0
8,NOUN,NOUN,ADJF,,,ADJF,NOUN,,NOUN,,1,0
15,ADJF,NOUN,NOUN,INFN,NOUN,,,,,,3,0
19,,CONJ,ADJF,,NOUN,,,,,,1,0
3,,,,,,ADJF,NOUN,,,,23,0
5,ADJF,NOUN,,,,NOUN,ADJF,,,,1,0
16,ADJF,NOUN,PREP,NOUN,ADJF,,,,,,1,0
3,,,,,,INFN,PREP,,,,1,0
3,NOUN,,,,,NOUN,,,,,1,0
4,NOUN,NOUN,ADJF,,,,,,,,3,1
4,,,,,,NOUN,,NOUN,,,1,0
35,,ADJF,PREP,,ADJF,,PREP,ADJF,,ADJF,1,0
12,,,,,,NOUN,ADVB,INFN,NOUN,NOUN,1,0
12,,,,,,CONJ,PREP,NOUN,NOUN,CONJ,10,0
11,NOUN,NOUN,NOUN,,,PREP,NOUN,NOUN,ADJF,ADJF,3,0
25,NOUN,NOUN,ADJF,PREP,NOUN,NOUN,,NOUN,NOUN,NOUN,1,0
22,ADJF,NOUN,INFN,NOUN,NOUN,NOUN,PREP,,PREP,,10,0
13,ADJF,NOUN,PREP,,,CONJ,NOUN,NOUN,PREP,,1,0
44,NOUN,PREP,INFN,NOUN,NOUN,PREP,,NOUN,NOUN,NOUN,1,0
3,,,,,,INFN,PREP,,,,2,0
4,,,,,,,ADJF,NOUN,,,3,0
4,,,,,,NOUN,NOUN,ADJF,,,1,0
53,NOUN,ADJF,PREP,,,ADJF,ADJF,NOUN,CONJ,INFN,1,0
20,PREP,NOUN,ADJF,ADJF,NOUN,ADJF,ADVB,ADJF,NOUN,NOUN,3,0
5,ADJF,NOUN,PREP,NOUN,,,,,,,440,0
28,PREP,NOUN,ADJF,PREP,NOUN,NOUN,PREP,ADJF,CONJ,ADJF,1,0
13,ADJF,NOUN,NOUN,ADJF,NOUN,ADJF,NOUN,NOUN,PREP,NOUN,3,0
24,INFN,NUMR,PREP,CONJ,NOUN,NOUN,INFN,ADJF,NOUN,NOUN,1,0
6,NOUN,PREP,NOUN,ADJF,ADJF,,,,,,1,0
3,NOUN,,,,,NOUN,,,,,1,0
33,ADJF,NOUN,NOUN,PREP,ADVB,INFN,ADJF,NOUN,,,3,0
3,,,,,,ADJF,NOUN,,,,1,0
4,,,,,,NOUN,NOUN,NOUN,,,1,0
11,PREP,,,,,NOUN,NOUN,NOUN,ADVB,INFN,1,0
19,ADJF,NOUN,PREP,INFN,NOUN,,,,,,1,0
10,NOUN,ADJF,PREP,NOUN,NOUN,,,,,,1,0
3,PREP,,,,,INFN,,,,,1,0
16,ADJF,NOUN,PREP,NOUN,ADJF,,,,,,1,0
5,,,,,,ADJF,NOUN,,NOUN,,3,0
38,PREP,NOUN,CONJ,NOUN,ADJF,,NUMR,NOUN,ADJF,NOUN,1,0
27,NOUN,ADJF,CONJ,NOUN,NOUN,NOUN,CONJ,NOUN,,NOUN,1,0
33,PREP,NOUN,ADJF,PREP,NOUN,INFN,PREP,,INTJ,NOUN,3,0
17,,NOUN,NOUN,,NOUN,,,,,,1,0
4,ADJF,NOUN,ADJF,,,,,,,,1,0
6,,,,,,NOUN,,NOUN,PREP,NOUN,1,0
4,NOUN,NOUN,ADJF,,,,,,,,12,1
11,NOUN,ADJF,NPRO,,,ADVB,,NOUN,ADJF,ADJF,1,0
3,ADJF,ADVB,,,,,,,,,53,0
22,ADJF,PREP,NOUN,PREP,INFN,PRCL,INFN,PREP,ADJF,,1,0
3,,,,,,ADJF,PREP,,,,70,0
29,NOUN,PRCL,CONJ,INFN,NOUN,PREP,NOUN,NOUN,,NUMR,36,0
5,,,,,,INFN,ADJF,,NOUN,,1,0
28,INFN,PRCL,PRCL,,,NOUN,NOUN,,,,3,0
35,,ADJF,,NOUN,,,ADJF,NOUN,PREP,ADJF,21,0
67,NOUN,NOUN,NOUN,NOUN,ADVB,ADJF,NOUN,NOUN,NOUN,NOUN,1,0
9,,,,,,NOUN,ADJF,INFN,PREP,NOUN,1,0
23,INFN,PRCL,,,INFN,NOUN,NOUN,,,,3,0
14,ADJF,CONJ,NOUN,NOUN,PREP,,,,,,1,0
9,NOUN,PREP,NOUN,ADJF,NOUN,,,,,,1,0
4,NOUN,ADJF,,,,NOUN,,,,,1,0
3,,,,,,PREP,NOUN,,,,2,0
5,,,,,,NOUN,NOUN,,NOUN,,1,0
3,,,,,,PREP,INFN,,,,1,0
59,ADJF,NOUN,PREP,,ADJF,NOUN,ADJF,NOUN,NOUN,PREP,1,0
11,INFN,INFN,INFN,,,PREP,ADJF,NOUN,PREP,NOUN,1,0
4,,,,,,PREP,ADJF,NOUN,,,2,0
4,NOUN,ADJF,PREP,,,,,,,,3,0
27,NOUN,PREP,INFN,PREP,NOUN,NOUN,NOUN,NOUN,INFN,CONJ,1,0
3,INFN,NOUN,,,,,,,,,3,0
4,,,,,,NOUN,,NOUN,,,1,0
4,,,,,,NOUN,,NOUN,,,1,0
18,ADJF,CONJ,NOUN,ADJF,CONJ,,,,,,1,0
16,ADJF,NOUN,PREP,NOUN,ADJF,,,,,,1,0
3,NOUN,PREP,,,,,,,,,21,0
3,,,,,,ADJF,NOUN,,,,3,0
7,,,,,,ADVB,,,NOUN,,1,0
7,ADJF,ADJF,,,,PREP,NOUN,,,,1,0
3,PREP,ADJF,,,,,,,,,33,0
36,PREP,INFN,NOUN,ADJF,CONJ,,,,,,1,0
51,NOUN,PRCL,ADJF,NOUN,,NOUN,CONJ,NOUN,INFN,,6,0
7,,,,,,CONJ,NOUN,INFN,PREP,NOUN,3,0
22,PREP,NOUN,NOUN,PREP,NOUN,PREP,NOUN,PREP,NOUN,,3,0
3,,,,,,PREP,NOUN,,,,6,0
22,PREP,NOUN,PREP,ADJF,CONJ,PREP,NOUN,,NOUN,ADJF,1,0
3,,,,,,PREP,NOUN,,,,37,0
10,NOUN,,,,,CONJ,VERB,NOUN,PREP,ADJF,1,0
5,NOUN,NOUN,ADJF,ADJF,,,,,,,3,0
3,,,,,,NOUN,NOUN,,,,9,0
15,NOUN,,,,,PREP,ADJF,NOUN,NOUN,INFN,1,0
3,ADJF,,,,,ADJF,,,,,3,0
8,,,,,,NOUN,NOUN,PREP,NOUN,PREP,1,0
40,ADJF,NOUN,ADJF,ADVB,NOUN,PREP,ADJF,NOUN,NOUN,INFN,1,0
8,,,,,,ADJF,NOUN,NOUN,ADJF,ADJF,1,0
40,CONJ,NOUN,NOUN,,NOUN,NOUN,CONJ,NOUN,CONJ,NOUN,1,0
20,,,,,,NOUN,ADJF,ADJF,NOUN,PREP,1,0
6,ADJF,NOUN,,,,PREP,NOUN,NOUN,,,1,0
19,,NOUN,,PREP,NOUN,NOUN,PREP,NOUN,ADJF,ADJF,10,0
19,ADJF,NOUN,PREP,NOUN,ADJF,PREP,NOUN,NOUN,NOUN,CONJ,3,0
3,NOUN,ADJF,,,,,,,,,1,0
16,ADJF,NOUN,PREP,NOUN,ADJF,,,,,,1,0
21,ADJF,NOUN,NUMR,PREP,INFN,NOUN,NOUN,,,,1,0
3,,,,,,NOUN,PREP,,,,15,0
8,ADJF,ADJF,,NOUN,,NOUN,,NOUN,,,1,0
50,ADJF,INFN,NPRO,PREP,NOUN,NOUN,PREP,ADJF,INFN,PREP,1,0
4,,,,,,ADJF,PREP,ADJF,,,1,0
7,,,,,,NOUN,NOUN,CONJ,NOUN,PREP,1,0
56,ADJF,NOUN,,PREP,INFN,NOUN,INFN,CONJ,INFN,PREP,1,0
11,NOUN,NOUN,NOUN,,,PREP,ADJF,NOUN,PREP,NOUN,3,0
37,ADJF,NOUN,NOUN,NOUN,ADJF,INFN,NUMR,ADJF,CONJ,INFN,3,0
32,ADJF,NOUN,ADJF,NOUN,INFN,CONJ,NOUN,NOUN,ADVB,ADJF,3,0
26,NOUN,PREP,,,,ADJF,ADJF,NOUN,PREP,ADJF,1,0
16,ADJF,NOUN,PREP,NOUN,ADJF,,,,,,1,0
25,ADJF,INFN,,ADJF,NOUN,NOUN,NOUN,NOUN,CONJ,NOUN,1,0
4,,,,,,CONJ,ADJF,NOUN,,,1,0
7,,,,,,NOUN,NOUN,PREP,NOUN,CONJ,3,0
21,NOUN,INFN,NOUN,ADJF,PREP,,,CONJ,,,1,0
3,NOUN,,,,,NOUN,,,,,1,0
7,ADJF,NOUN,ADJF,ADJF,,ADJF,NOUN,,,,1,0
11,ADJF,ADJF,ADJF,,,PREP,ADJF,NOUN,PREP,NOUN,6,0
27,ADJF,,NOUN,NOUN,ADJF,ADJF,NOUN,INFN,NOUN,PREP,1,0
18,,,,,,PREP,ADJF,ADJF,NOUN,NOUN,10,0
27,NOUN,PREP,,,,INFN,ADJF,INFN,NOUN,ADJF,3,0
82,ADJF,ADJF,NOUN,NOUN,NOUN,NOUN,NOUN,NOUN,NOUN,ADJF,10,0
18,NOUN,ADJF,INFN,NOUN,NOUN,ADJF,ADJF,PREP,ADJF,NOUN,1,0
27,NOUN,PREP,ADJF,ADJF,INFN,NOUN,PREP,NOUN,NOUN,NOUN,1,0
42,NOUN,NOUN,ADJF,NOUN,CONJ,NOUN,INFN,,,NOUN,1,0
15,PREP,INFN,NOUN,ADJF,NOUN,ADJF,PREP,NOUN,ADJF,PREP,1,0
3,,,,,,CONJ,NOUN,,,,1,0
28,ADJF,NOUN,NOUN,ADJF,NOUN,INFN,NOUN,ADJF,NOUN,ADJF,1,0
10,NOUN,ADJF,ADJF,,,NOUN,,NOUN,PREP,NOUN,1,0
3,ADJF,,,,,ADJF,,,,,1,0
73,ADJF,PREP,ADJF,INFN,INFN,NOUN,NOUN,,ADJF,ADJF,3,0
19,ADJF,NOUN,PREP,NOUN,ADJF,,,,,,1,0
18,ADJF,NOUN,PREP,NOUN,NOUN,,,,,,1,0
5,ADJF,ADJF,PREP,ADJF,,,,,,,14,0
3,,,,,,CONJ,ADJF,,,,1,0
6,ADJS,NOUN,ADJF,ADJF,,NOUN,,,,,2,0
7,,,,,,INFN,ADJF,ADJF,CONJ,ADVB,1,0
12,NOUN,NOUN,ADJF,,,NOUN,PREP,ADJF,NOUN,ADJF,1,0
4,NOUN,NOUN,ADJF,,,,,,,,35,1
11,PREP,,,NOUN,,CONJ,NOUN,,,,1,0
3,NOUN,ADJF,,,,,,,,,1,1
32,NOUN,PREP,NOUN,NOUN,ADJF,NOUN,ADJF,INFN,NOUN,ADJF,1,0
3,,,,,,ADJF,NOUN,,,,24,0
31,ADJF,PREP,NOUN,NOUN,ADJF,PREP,ADJF,NOUN,ADJF,NOUN,1,0
3,ADJF,PREP,,,,,,,,,19,0
5,ADJF,,,,,NOUN,NOUN,ADJF,,,1,0
17,ADJF,PREP,NOUN,PREP,NOUN,,,,,,1,0
31,CONJ,NOUN,NOUN,ADJF,ADJF,CONJ,CONJ,INFN,ADJF,ADJF,1,0
36,ADJF,ADJF,NOUN,CONJ,NOUN,VERB,ADVB,ADJF,NOUN,CONJ,1,0
3,NOUN,PREP,,,,,,,,,3,0
38,PREP,NOUN,NOUN,PREP,NOUN,NOUN,NOUN,NOUN,INFN,NOUN,1,0
22,ADJF,PREP,ADJF,PREP,NOUN,INFN,PREP,ADJF,NOUN,INFN,1,0
12,ADJF,NOUN,,,,PREP,ADJF,NOUN,NOUN,NOUN,1,0
18,NUMR,NOUN,ADJF,NUMR,NOUN,NOUN,CONJ,ADJF,NOUN,,3,0
23,INFN,PRCL,,,INFN,NOUN,NOUN,,,,3,0
43,ADJF,ADJF,ADJF,NOUN,NOUN,NOUN,ADJF,NOUN,NOUN,NOUN,1,0
27,NOUN,NOUN,NOUN,,,NOUN,NOUN,CONJ,NOUN,,6,0
23,ADJF,PREP,NOUN,ADJF,PREP,INFN,INFN,NOUN,NOUN,ADJF,1,0
32,PREP,NOUN,PREP,,,ADJF,ADJF,NOUN,NOUN,ADVB,1,0
19,ADJF,NOUN,CONJ,NOUN,PREP,PRCL,INFN,NPRO,ADJF,ADJF,6,0
25,INFN,INFN,INFN,,,PREP,NOUN,PREP,NOUN,ADVB,1,0
5,,,,,,INFN,,,NOUN,,1,0
3,NOUN,PREP,,,,,,,,,65,0
8,NOUN,,NOUN,NOUN,,CONJ,INTJ,NOUN,,,1,0
16,ADJF,NOUN,PREP,NOUN,ADJF,,,,,,1,0
6,,,,,,PREP,NOUN,NOUN,ADJF,NOUN,6,0
22,,,,,,NOUN,NOUN,ADJF,NOUN,ADJF,1,0
12,,,,,,NOUN,INFN,,NOUN,ADJF,6,0
3,,,,,,CONJ,INFN,,,,4,0
3,ADJF,PREP,,,,,,,,,1,0
5,ADJF,NOUN,,,,NOUN,ADJF,,,,1,0
5,NOUN,ADJF,,,,ADJF,NOUN,,,,10,0
20,PREP,INFN,NOUN,ADJF,NOUN,NOUN,ADJF,NOUN,INFN,NOUN,6,0
4,,,,,,NOUN,ADVB,INFN,,,5,0
4,NOUN,ADJF,PREP,,,,,,,,2,0
18,ADJF,NOUN,NOUN,ADJF,ADJF,NOUN,NOUN,ADJF,NOUN,NOUN,153,0
18,NOUN,NOUN,PREP,NOUN,ADJF,ADJF,INFN,NOUN,NOUN,PREP,6,0
28,INFN,ADJF,NOUN,PREP,NOUN,PREP,NOUN,ADJF,NOUN,PREP,1,0
12,NOUN,NOUN,ADJF,PREP,NOUN,PREP,ADJF,INFN,NOUN,,3,0
4,,,,,,NOUN,,NOUN,,,1,0
29,ADJF,PREP,INFN,NOUN,ADVB,PREP,NOUN,ADJF,NOUN,PREP,3,0
3,,,,,,NOUN,NOUN,,,,15,0
16,NOUN,,,,,NOUN,ADJF,NOUN,NOUN,PREP,3,0
19,ADJF,NOUN,PREP,NOUN,ADJF,,,,,,1,0
5,ADJF,NOUN,,,,NOUN,ADJF,,,,1,0
4,,,,,,PREP,NOUN,NOUN,,,1,0
3,PREP,NOUN,,,,,,,,,1,0
3,,,,,,INFN,ADJF,,,,2,0
3,,,,,,NOUN,NOUN,,,,4,0
3,NOUN,,,,,NOUN,,,,,2,0
13,NOUN,PREP,NOUN,ADJF,,,,ADJF,NOUN,NOUN,1,0
4,,,,,,NOUN,,NOUN,,,3,0
22,ADJF,CONJ,NOUN,CONJ,NOUN,PREP,NOUN,,,,1,0
4,NOUN,ADJF,,,,GRND,,,,,2,0
17,ADJF,PREP,NOUN,ADJF,PREP,CONJ,INFN,NOUN,NOUN,,1,0
4,,,,,,NOUN,,NOUN,,,1,0
29,,CONJ,ADJF,,,ADJF,NOUN,PREP,NOUN,ADJF,3,0
6,,,,,,NOUN,NOUN,ADJF,NOUN,NOUN,1,0
3,NOUN,PREP,,,,,,,,,1,0
3,PREP,,,,,NOUN,,,,,8,0
30,PREP,,,NOUN,PREP,CONJ,PREP,NOUN,ADJF,NOUN,1,0
46,INFN,NPRO,ADJF,NOUN,NOUN,NOUN,PREP,ADJF,CONJ,NPRO,1,0
12,,,,,,NOUN,INFN,,NOUN,PREP,3,0
17,INFN,NOUN,NOUN,NOUN,ADJF,NOUN,,,,,3,0
19,NOUN,INFN,NOUN,NOUN,PREP,NOUN,PREP,NOUN,NOUN,,1,0
9,NOUN,ADJF,,,,NOUN,,NOUN,ADJF,NOUN,1,0
3,,,,,,INFN,PREP,,,,1,0
12,ADJF,NOUN,ADJF,ADJF,,ADVB,ADJF,NOUN,ADJF,ADJF,6,0
18,NOUN,NOUN,INFN,CONJ,,NOUN,CONJ,NOUN,PREP,ADJF,3,0
3,CONJ,,,,,CONJ,,,,,15,0
4,,,,,,ADJF,CONJ,ADJF,,,6,0
4,,,,,,NOUN,,NOUN,,,1,0
5,,,,,,ADJF,NOUN,ADJF,NOUN,,6,0
3,,,,,,PREP,NOUN,,,,2,0
6,,,,,,NOUN,NOUN,PREP,,NOUN,3,0
13,,,,,,PREP,ADJF,NOUN,PREP,NOUN,3,0
4,NOUN,PREP,,,,NOUN,,,,,1,0
22,ADJF,NOUN,PREP,,NOUN,,,,,,1,0
3,NOUN,ADJF,,,,,,,,,45,0
4,,,,,,NOUN,,NOUN,,,1,0
32,PREP,NOUN,NOUN,ADJF,NOUN,NOUN,ADJF,PREP,NUMR,INFN,1,0
50,PREP,NOUN,,ADJF,NOUN,NOUN,INFN,NOUN,,NOUN,10,0
11,,,,,,NOUN,ADJF,NOUN,ADJF,NOUN,3,0
8,,,,,,NOUN,NOUN,PREP,NOUN,PREP,1,0
3,ADJF,NOUN,,,,,,,,,5,0
3,,,,,,PREP,NOUN,,,,80,0
15,,,,,,INFN,PREP,,NOUN,NOUN,1,0
28,NOUN,NPRO,ADJF,NOUN,NOUN,NOUN,INFN,PREP,,NOUN,1,0
15,,NOUN,PREP,NOUN,PREP,,NOUN,NOUN,ADJF,,3,0
4,,,,,,PREP,NOUN,PREP,,,2,0
5,,,,,,NOUN,NOUN,PREP,ADJF,,3,0
3,,,,,,ADJF,NOUN,,,,9,0
42,ADJF,NOUN,NOUN,ADJF,ADJF,CONJ,NOUN,PREP,NOUN,CONJ,1,0
28,NOUN,,CONJ,,NOUN,NOUN,PREP,NOUN,NOUN,ADJF,10,0
13,,,,,,NOUN,ADJF,NOUN,PREP,NOUN,1,0
21,CONJ,NOUN,INFN,NPRO,PREP,PREP,ADJF,NOUN,NOUN,PREP,3,0
21,INFN,CONJ,NOUN,INTJ,CONJ,NOUN,,,,,1,0
37,ADJF,PREP,ADJF,INFN,NOUN,ADJF,ADVB,CONJ,INFN,,6,0
15,ADJF,NOUN,NOUN,ADJF,NOUN,ADJF,NOUN,INFN,NOUN,NOUN,1,0
3,NOUN,ADJF,,,,,,,,,1,0
23,NOUN,ADJF,NOUN,ADJF,NOUN,NOUN,,,,,3,0
27,CONJ,,,,,NOUN,PREP,ADJF,NOUN,ADJF,1,0
21,ADJF,ADJF,NOUN,ADJF,NOUN,,,,,,3,0
15,NOUN,NOUN,NOUN,ADJF,,CONJ,ADJF,NOUN,NOUN,NOUN,1,0
29,NOUN,NOUN,ADJF,PREP,NOUN,ADJF,ADJF,NOUN,PREP,ADJF,1,0
3,,,,,,ADJF,NOUN,,,,5,0
3,,,,,,CONJ,NOUN,,,,5,0
16,ADJF,NOUN,PREP,NOUN,ADJF,,,,,,1,0
7,,,,,,ADJF,NOUN,ADJF,ADJF,NOUN,1,0
11,ADJF,NOUN,PREP,,,NOUN,NOUN,PREP,NOUN,ADJF,1,0
4,PREP,NOUN,PREP,,,,,,,,1,0
4,,,,,,ADJF,NOUN,ADJF,,,153,0
19,NOUN,CONJ,NOUN,PREP,NOUN,,,,,,3,0
4,,,,,,INFN,PREP,NOUN,,,3,0
13,ADJF,NOUN,ADJF,NOUN,NOUN,PREP,NOUN,PREP,NOUN,PREP,1,0
4,,,,,,NOUN,,NOUN,,,4,0
23,ADJF,NOUN,CONJ,NOUN,PREP,PREP,NOUN,CONJ,NOUN,NOUN,10,0
43,PREP,NOUN,INFN,NOUN,NOUN,CONJ,INFN,PREP,NUMR,NOUN,6,0
16,ADJF,NOUN,PREP,NOUN,ADJF,,,,,,1,0
16,ADJF,NOUN,PREP,NOUN,ADJF,,,,,,1,0
3,NOUN,PREP,,,,,,,,,2,1
3,NOUN,,,,,NOUN,,,,,1,0
9,,,,,,NOUN,PREP,ADJF,ADJF,NOUN,1,0
16,ADJF,NOUN,PREP,NOUN,ADJF,,,,,,1,0
35,ADVB,NOUN,NOUN,PREP,NOUN,NOUN,INFN,PREP,NOUN,CONJ,1,0
4,,,,,,NOUN,,NOUN,,,3,0
11,,,,,,NOUN,NOUN,,NOUN,NOUN,1,0
16,ADJF,NOUN,NOUN,NOUN,,INFN,PREP,NPRO,PREP,ADJF,1,0
19,PREP,NOUN,NOUN,PREP,NOUN,NOUN,,,,,1,0
19,NOUN,ADJF,NOUN,ADJF,ADJF,NOUN,NOUN,,NOUN,,1,0
26,ADJF,ADJF,NOUN,ADJF,NOUN,NOUN,,,,,1,0
8,ADJF,ADJF,NOUN,NOUN,GRND,ADJF,,,,,3,0
8,,,,,,NOUN,NOUN,ADJF,,PREP,3,0
16,ADJF,NOUN,PREP,NOUN,ADJF,,,,,,1,0
16,ADJF,NOUN,PREP,NOUN,ADJF,,,,,,1,0
14,NOUN,ADJF,,,,ADJF,,NOUN,ADVB,INFN,1,0
16,ADJF,NOUN,NOUN,NOUN,NOUN,NOUN,PREP,NOUN,INFN,PREP,6,0
11,NOUN,ADJF,,,,NOUN,,NOUN,INFN,NOUN,1,0
17,NOUN,ADJF,ADJF,NOUN,NUMR,INFN,,NOUN,ADJF,CONJ,1,0
8,,,,,,ADJF,NOUN,PREP,NOUN,PREP,1,0
33,ADJF,NOUN,PREP,NOUN,PREP,INFN,NOUN,NOUN,ADJF,NOUN,21,0
16,ADJF,NOUN,PREP,NOUN,ADJF,,,,,,1,0
33,ADJF,ADJF,CONJ,NOUN,PREP,ADJF,INFN,NOUN,PREP,NOUN,1,0
3,,,,,,CONJ,INTJ,,,,20,0
26,NOUN,PREP,NOUN,ADJF,INFN,ADJF,ADJF,NOUN,INFN,NOUN,1,0
17,ADJF,NOUN,PREP,NOUN,,,,,,,1,0
16,ADJF,NOUN,PREP,NOUN,ADJF,,,,,,1,0
14,,,,,,PREP,NOUN,PREP,NPRO,PREP,1,0
25,NOUN,ADJF,ADJF,CONJ,ADVB,INFN,PREP,,,NOUN,1,0
3,ADJF,NOUN,,,,,,,,,1,0
24,NOUN,ADJF,PREP,,,INFN,INFN,NOUN,,ADJF,3,0
3,,,,,,PREP,NOUN,,,,4,0
3,NOUN,,,,,,,,,,4,0
3,INFN,NOUN,,,,,,,,,1,0
27,ADJF,INFN,NOUN,ADVB,NOUN,ADJF,NOUN,CONJ,ADVB,ADJF,3,0
6,NOUN,ADJF,,,,NOUN,,NOUN,,,1,0
3,,,,,,ADJF,NOUN,,,,5,0
16,,,,,,NOUN,,ADJF,,ADJF,1,0
25,ADJF,PREP,INFN,ADJF,PREP,ADVB,ADVB,INFN,ADVB,ADJF,1,0
12,PREP,ADJF,NOUN,PREP,NOUN,ADJF,NOUN,,,,1,0
16,ADJF,NOUN,PREP,NOUN,ADJF,,,,,,1,0
4,NOUN,ADJF,,,,NOUN,,,,,2,0
5,,,,,,NOUN,ADVB,NOUN,INFN,,1,0
18,ADJF,ADVB,NOUN,NPRO,NOUN,PREP,NOUN,PREP,ADJF,NOUN,3,0
14,NOUN,NOUN,NOUN,ADJF,,INFN,,NOUN,NOUN,NOUN,1,0
3,ADJF,,,,,ADJF,,,,,3,0
24,PREP,INFN,CONJ,NOUN,CONJ,NOUN,,NOUN,CONJ,NOUN,1,0
35,NOUN,ADJF,NOUN,ADJF,ADJF,NOUN,,NOUN,INFN,ADJF,1,0
14,ADJF,PREP,NOUN,NOUN,NOUN,CONJ,NOUN,NOUN,ADJF,NOUN,6,0
17,NOUN,NOUN,ADJF,NOUN,,,NOUN,PREP,NOUN,NOUN,1,0
22,INFN,NOUN,NUMR,PREP,NOUN,CONJ,PREP,NUMR,ADJF,NOUN,1,0
27,ADJF,INFN,NOUN,ADVB,NOUN,CONJ,ADVB,ADJF,,,3,0
58,,,,,,PRCL,INFN,ADJF,NOUN,CONJ,1,0
9,,,,,,NOUN,CONJ,CONJ,PREP,ADJF,6,0
25,NOUN,NOUN,NOUN,,,INFN,ADJF,ADJF,NOUN,PREP,1,0
16,ADJF,NOUN,PREP,NOUN,ADJF,,,,,,1,0
5,ADJF,,,,,ADJF,NOUN,ADJF,,,1,0
3,,,,,,CONJ,NOUN,,,,1,0
4,,,,,,NOUN,CONJ,NOUN,,,1,0
31,INFN,NOUN,INFN,ADVB,NOUN,ADJF,NOUN,NOUN,ADJF,INFN,1,0
3,PREP,,,,,INFN,,,,,8,0
5,,,,,,CONJ,NOUN,NOUN,ADJF,,1,0
6,NOUN,,NOUN,ADJF,,NOUN,,,,,3,0
15,ADJF,NOUN,ADJF,NOUN,ADJF,,,,,,3,0
3,PREP,,,,,INFN,,,,,2,0
72,NOUN,PREP,INFN,NOUN,PREP,ADJF,ADVB,INFN,NOUN,NOUN,3,0
21,,,,,,NOUN,NOUN,ADJF,CONJ,NOUN,1,0
3,,,,,,INFN,PREP,,,,9,0
13,,,,,,NOUN,NOUN,ADJF,NOUN,NOUN,153,0
49,NOUN,NPRO,INFN,INFN,NOUN,ADJF,NOUN,NOUN,NOUN,NOUN,3,0
16,ADJF,NOUN,PREP,NOUN,ADJF,,,,,,1,0
14,,,,,,NOUN,ADJF,NOUN,ADJF,NOUN,1,0
6,,,,,,PREP,,NOUN,PREP,NOUN,1,0
16,ADJF,,NOUN,NOUN,,NOUN,PREP,NOUN,NOUN,ADJF,3,0
3,,,,,,ADVB,PREP,,,,41,0
27,NOUN,CONJ,NOUN,PREP,CONJ,PREP,NOUN,ADJF,NOUN,,1,0
35,NOUN,NOUN,ADJF,INFN,ADVB,NOUN,,NOUN,PREP,ADJF,1,0
3,NOUN,,,,,NOUN,,,,,1,0
3,,,,,,ADJF,NOUN,,,,1,0
9,PREP,INFN,NOUN,ADJF,NOUN,NOUN,,,,,1,0
7,NOUN,ADJF,ADJF,,,NOUN,,NOUN,,,3,0
10,INFN,NOUN,ADJF,PREP,,NOUN,INFN,NOUN,CONJ,NOUN,6,0
34,NOUN,PREP,NOUN,NOUN,NOUN,PREP,NOUN,CONJ,NOUN,NOUN,6,0
54,,,,,,ADJF,ADJF,NOUN,NOUN,INFN,6,0
24,CONJ,PRED,NOUN,CONJ,INFN,NOUN,INFN,NOUN,,,1,0
17,ADJF,NOUN,NOUN,PREP,NOUN,,,,,,1,0
12,ADJF,NOUN,ADJF,NOUN,NOUN,,,,,,1,0
3,,,,,,PREP,ADJF,,,,3,0
51,ADJF,PREP,,ADJF,INFN,PREP,NOUN,NOUN,PREP,INFN,3,0
3,,,,,,NOUN,PREP,,,,1,0
4,,,,,,PREP,,NOUN,,,2,0
41,ADJF,ADJF,INFN,NOUN,PREP,NOUN,NOUN,NOUN,ADJF,ADJF,21,0
16,NOUN,NOUN,NOUN,,,PREP,NOUN,PREP,NOUN,NOUN,1,0
38,ADJF,PREP,NOUN,NOUN,PREP,CONJ,ADJF,NOUN,PREP,NOUN,1,0
73,INFN,ADVB,ADJF,PREP,CONJ,PREP,NOUN,CONJ,NOUN,PREP,3,0
5,,,,,,,NOUN,ADJF,NOUN,,1,0
10,NOUN,NOUN,NOUN,,,PREP,ADJF,NOUN,ADJF,NOUN,1,0
5,ADJF,NOUN,,,,NOUN,ADJF,,,,1,0
30,ADJF,ADVB,,,,NOUN,,NOUN,PREP,ADJF,1,0
17,NOUN,ADJF,PREP,ADJF,NOUN,NOUN,NOUN,NOUN,NOUN,,1,0
3,,,,,,PREP,NOUN,,,,17,0
16,ADJF,NOUN,PREP,NOUN,ADJF,,,,,,1,0
27,NUMR,,,NOUN,NOUN,NOUN,PREP,NOUN,NOUN,ADJF,3,0
3,,,,,,INFN,PREP,,,,70,0
37,NOUN,NOUN,PREP,NOUN,NOUN,NOUN,NOUN,NOUN,CONJ,ADJF,21,0
18,NOUN,ADJF,ADJF,CONJ,,NOUN,,NOUN,,,1,0
13,NOUN,NOUN,PREP,NOUN,CONJ,,,,,,1,0
10,,,,,,NOUN,ADJF,NOUN,,NOUN,1,0
15,PREP,NOUN,ADJF,CONJ,NOUN,ADJF,NOUN,,,,1,0
64,PREP,ADJF,ADJF,CONJ,ADJF,ADJF,ADVB,INFN,NOUN,CONJ,10,0
20,ADJF,,,PREP,NOUN,INFN,NOUN,,NOUN,,3,0
32,NOUN,ADJF,NOUN,NUMR,PREP,NOUN,PREP,NOUN,NOUN,PREP,3,0
58,ADJF,PREP,INFN,NOUN,ADJF,INFN,PREP,ADJF,NOUN,INFN,3,0
32,PREP,NOUN,PREP,NOUN,ADJF,ADVB,PREP,NOUN,NOUN,CONJ,1,0
4,,,,,,ADJF,ADJF,NOUN,,,37,0
5,,,,,,PREP,NOUN,ADJF,NOUN,,1,0
16,ADJF,ADJF,NOUN,ADJF,ADJF,CONJ,ADJF,NOUN,NOUN,PREP,1,0
20,PREP,INTJ,,NOUN,NOUN,PREP,,INTJ,,,1,0
38,NOUN,NOUN,INFN,ADVB,CONJ,ADJF,CONJ,NOUN,,NOUN,1,0
4,NOUN,,,,,NOUN,NOUN,,,,1,0
5,ADJF,NOUN,,,,NOUN,ADJF,,,,1,0
3,NOUN,PREP,,,,,,,,,18,0
7,,,,,,ADJF,ADJF,NOUN,PREP,ADJF,4,0
5,ADJF,NOUN,,,,NOUN,ADJF,,,,1,0
6,,,,,,PREP,ADJF,NOUN,ADJF,NOUN,2,0
6,,,,,,NOUN,,NOUN,PREP,NOUN,3,0
12,NOUN,NOUN,NOUN,,,PREP,NOUN,ADJF,NOUN,ADVB,1,0
23,NOUN,PREP,NOUN,PREP,NOUN,NOUN,,,,,3,0
4,ADJF,NOUN,PREP,,,,,,,,481,0
3,,,,,,ADJF,NOUN,,,,1,1
15,INFN,NOUN,PREP,NOUN,NOUN,NOUN,PREP,ADJF,NOUN,NOUN,6,0
12,NOUN,,NOUN,NOUN,NOUN,NOUN,NOUN,CONJ,NOUN,PREP,1,0
5,NOUN,ADJF,ADJF,,,ADJF,,,,,1,0
41,ADJF,,,,,INFN,NOUN,ADJF,NOUN,INFN,1,0
12,NOUN,,,,,ADJF,NOUN,PREP,NOUN,PREP,3,0
25,ADJF,ADJF,NOUN,ADJF,NOUN,PREP,NOUN,ADJF,ADJF,NOUN,1,0
5,NOUN,NOUN,PREP,NOUN,,,,,,,1,0
9,,,,,,,NOUN,,NOUN,CONJ,3,0
41,CONJ,NOUN,ADJF,,ADJF,CONJ,ADVB,NOUN,INFN,PREP,28,0
24,ADJF,NOUN,ADJF,PREP,NOUN,CONJ,INFN,ADJF,PREP,NOUN,1,0
3,,,,,,PREP,ADJF,,,,6,0
25,ADJF,NOUN,NOUN,NOUN,NOUN,ADJF,NOUN,NOUN,PREP,ADJF,3,0
41,,NOUN,,NOUN,NOUN,NOUN,NOUN,ADJF,ADJF,CONJ,3,0
7,NOUN,NOUN,,,,NOUN,NOUN,CONJ,ADJF,,1,0
25,ADJF,NOUN,NOUN,ADJF,NOUN,PREP,NOUN,NOUN,NOUN,ADJF,1,0
35,ADJF,PREP,NOUN,ADJF,PREP,VERB,ADJF,ADVB,ADJF,PRCL,3,0
12,,,NOUN,ADJF,NOUN,NOUN,,,NOUN,,3,0
13,ADJF,NOUN,NOUN,NOUN,,ADJF,NOUN,ADJF,NOUN,ADJF,3,0
42,CONJ,NOUN,NOUN,NOUN,,PREP,NOUN,NOUN,PREP,NOUN,1,0
32,NOUN,ADJF,PREP,NOUN,ADJF,NOUN,ADVB,INFN,ADJF,NOUN,1,0
30,NOUN,ADJF,ADJF,,,NOUN,,NOUN,PREP,NOUN,1,0
22,NOUN,,NUMR,NOUN,NOUN,PREP,NOUN,NOUN,CONJ,ADJF,6,0
18,ADJF,NOUN,ADJF,PREP,NOUN,PREP,NOUN,NOUN,NOUN,,1,0
44,ADVB,NOUN,PREP,ADJF,,ADVB,ADJF,NOUN,ADVB,NOUN,1,0
5,,,,,,PREP,ADJF,NOUN,NOUN,,6,0
25,NOUN,PREP,PRCL,INFN,ADJF,,CONJ,PREP,ADJF,NOUN,1,0
12,NOUN,NOUN,NOUN,,,PREP,NOUN,ADJF,ADJF,NOUN,1,0
17,CONJ,NOUN,ADJF,PREP,NOUN,PREP,INFN,NOUN,,,1,0
3,NOUN,,,,,NOUN,,,,,1,0
4,NOUN,PREP,NUMR,,,,,,,,2,0
19,ADJF,NOUN,INFN,NOUN,PREP,,NOUN,NOUN,,NOUN,28,0
20,NOUN,NOUN,ADJF,ADJF,PRCL,NOUN,,NOUN,INFN,PREP,1,0
10,PREP,INFN,NOUN,ADJF,NOUN,,,,,,3,0
14,,,,,,NOUN,NOUN,PREP,NOUN,ADJF,1,0
15,NUMR,,,,,NOUN,NOUN,NOUN,PREP,ADJF,3,0
4,,,,,,NOUN,,NOUN,,,2,0
11,INFN,NOUN,NOUN,PREP,,PREP,NOUN,INFN,PREP,NOUN,1,0
3,,,,,,PREP,NOUN,,,,23,0
10,NOUN,,,,,INFN,INFN,PREP,NOUN,ADJF,1,0
4,,,,,,NOUN,PREP,ADJF,,,1,0
22,NOUN,ADJF,CONJ,NOUN,NOUN,,,,,,1,0
4,,,,,,NOUN,,NOUN,,,2,0
16,ADJF,NOUN,PREP,NOUN,NOUN,,,,,,1,0
3,,,,,,ADJF,ADJF,,,,4,0
8,,,,,,NOUN,NOUN,PREP,NOUN,PREP,1,0
12,NOUN,NOUN,ADJF,,,GRND,,NOUN,INFN,PREP,1,0
15,ADJF,,,,,ADJF,NOUN,NOUN,CONJ,NOUN,1,0
3,,,,,,NOUN,INFN,,,,15,0
6,NOUN,ADJF,,,,NOUN,,NOUN,,,1,0
27,NOUN,ADJF,NOUN,ADJF,,NOUN,,NOUN,INFN,PREP,1,0
38,NOUN,PREP,CONJ,NOUN,ADJF,CONJ,NOUN,NOUN,INFN,PREP,3,0
11,ADJF,NOUN,ADJF,NOUN,ADJF,,,,,,1,0
3,,,,,,INFN,NOUN,,,,1,0
29,PREP,INFN,NOUN,ADJF,ADJF,PREP,NOUN,PREP,NOUN,NOUN,1,0
16,ADJF,NOUN,PREP,NOUN,ADJF,,,,,,1,0
19,ADJF,NOUN,PREP,NOUN,ADJF,,,,,,1,0
3,,,,,,CONJ,NOUN,,,,6,0
19,CONJ,NOUN,NOUN,NOUN,NOUN,PREP,NOUN,ADJF,NOUN,PREP,3,0
24,INFN,PRCL,,,INFN,NOUN,NOUN,,,,3,0
3,NOUN,ADJF,,,,,,,,,1,0
21,NOUN,ADJF,PREP,INFN,NOUN,PREP,NOUN,,,,10,0
31,,,,,,,NOUN,ADJF,NOUN,NOUN,1,0
21,ADJF,,NOUN,,,,NOUN,,ADJF,NOUN,3,0
20,,,,,,NOUN,,NOUN,PREP,NOUN,36,0
41,PREP,ADJF,CONJ,ADJF,NOUN,ADJF,CONJ,ADJF,INFN,ADJF,3,0
37,ADJF,NOUN,PREP,,CONJ,CONJ,ADJF,,PREP,NOUN,21,0
3,,,,,,PREP,NOUN,,,,3,0
15,PREP,NOUN,CONJ,,NOUN,,,,,,3,0
24,,,,,,NOUN,,NPRO,PRCL,NOUN,10,0
20,ADJF,NOUN,,PREP,NOUN,NOUN,PREP,ADJF,NOUN,NOUN,1,0
7,,,,,,NOUN,,NOUN,ADJF,NOUN,3,0
25,PREP,NOUN,NOUN,INFN,INFN,ADJF,NOUN,NOUN,ADJF,NOUN,1,0
3,,,,,,NOUN,ADJF,,,,5,0
31,INFN,PRCL,NOUN,,,NOUN,NOUN,,,,1,0
31,ADJF,NOUN,PREP,ADJF,NOUN,NOUN,PREP,NOUN,CONJ,NOUN,1,0
16,NOUN,,NOUN,ADJF,NOUN,NOUN,CONJ,ADJF,NOUN,,1,0
5,NOUN,NOUN,PREP,NOUN,,,,,,,1,0
16,PREP,,,,,PREP,NOUN,,NOUN,ADJF,1,0
24,PREP,,,,,NOUN,PREP,NOUN,PREP,NOUN,1,0
8,,,,,,NOUN,NOUN,PREP,NOUN,PREP,1,0
11,ADJF,PREP,NOUN,NOUN,NOUN,ADVB,PREP,NOUN,NOUN,,3,0
5,,,,,,ADJF,NOUN,PREP,NOUN,,6,0
18,ADJF,CONJ,NOUN,NOUN,ADJF,PREP,NOUN,CONJ,NOUN,PREP,1,0
20,PREP,INFN,NOUN,ADJF,PREP,NOUN,PREP,NOUN,CONJ,NOUN,1,0
6,,,,,,NOUN,PREP,NOUN,INFN,PREP,12,0
3,,,,,,INFN,PREP,,,,1,0
3,,,,,,INFN,PREP,,,,1,0
24,NOUN,NOUN,ADJF,PREP,INFN,ADJF,ADJF,,PREP,NOUN,6,0
43,INFN,ADJF,PREP,NOUN,NOUN,,ADJF,,INFN,ADJF,6,0
14,PREP,ADVB,,PREP,NOUN,PREP,,PREP,,,1,0
3,,,,,,ADJF,NOUN,,,,2,0
12,PREP,,,,,INFN,CONJ,NOUN,NOUN,NOUN,1,0
6,,,,,,NOUN,PREP,ADJF,ADJF,NOUN,6,0
23,ADJF,INFN,NOUN,ADVB,NOUN,ADJF,NOUN,CONJ,ADVB,ADJF,1,0
16,ADJF,PREP,NOUN,,ADJF,INFN,,,,,1,0
8,NOUN,NOUN,NOUN,INFN,NOUN,INFN,PREP,,,,1,0
14,PREP,ADJF,NOUN,NOUN,PREP,ADJF,CONJ,ADJF,,,3,0
16,ADJF,NOUN,PREP,NOUN,NOUN,,,,,,1,0
12,NOUN,NOUN,ADJF,NOUN,,NOUN,NOUN,NOUN,NOUN,NOUN,1,0
24,NOUN,ADJF,ADJF,PREP,NOUN,NOUN,,,PREP,NOUN,3,0
11,,,,,,PREP,NOUN,ADJF,NOUN,NOUN,1,0
17,NOUN,NOUN,NOUN,NOUN,,NOUN,ADJF,NOUN,PREP,NOUN,1,0
4,,,,,,INFN,PREP,NOUN,,,1,0
15,CONJ,NOUN,NOUN,PREP,ADJF,,,,,,4,0
14,,ADJF,ADVB,NOUN,ADJF,NOUN,,NOUN,,,1,0
3,NOUN,ADJF,,,,,,,,,31,0
4,NOUN,ADJF,,,,NOUN,,,,,2,0
24,NOUN,NOUN,NOUN,ADJF,ADVB,ADJF,NOUN,CONJ,,,3,0
7,NOUN,ADJF,,,,NOUN,NOUN,,NOUN,,1,0
5,,,,,,NOUN,PREP,,NOUN,,1,0
4,,,,,,NOUN,,NOUN,,,5,0
4,NOUN,ADJF,,,,ADJF,,,,,1,0
7,ADJF,NOUN,PRTF,PREP,,INFN,PREP,,,,10,0
14,ADJF,ADJF,,,,NOUN,ADJF,NOUN,,,1,0
3,ADJF,,,,,ADJF,,,,,1,0
14,,,,,,PREP,ADJF,NOUN,PREP,NOUN,3,0
16,ADJF,NOUN,PREP,NOUN,ADJF,,,,,,1,0
3,,,,,,NOUN,CONJ,,,,6,0
5,ADJF,NOUN,,,,NOUN,ADJF,,,,1,0
16,ADJF,NOUN,PREP,NOUN,ADJF,,,,,,1,0
12,ADJF,PREP,NOUN,NOUN,ADJF,CONJ,NOUN,,,,1,0
28,ADJF,NOUN,NOUN,NOUN,ADJF,CONJ,NOUN,ADJF,,,1,0
24,PREP,NOUN,PREP,NOUN,ADVB,NOUN,ADJF,CONJ,NOUN,ADVB,1,0
11,,,,,,CONJ,ADJF,NOUN,NOUN,NOUN,4,0
9,ADJF,,,,,PREP,NOUN,NOUN,ADJF,NOUN,1,0
28,NOUN,PREP,INFN,ADVB,NOUN,CONJ,INFN,,NOUN,ADJF,1,0
12,PREP,NOUN,NOUN,PREP,VERB,NOUN,PRCL,ADJF,NOUN,NOUN,1,0
5,NOUN,CONJ,NOUN,PREP,,,,,,,1,0
12,,,,,,NOUN,ADJF,ADJF,NOUN,NOUN,1,0
30,NOUN,PREP,NOUN,ADJF,ADJF,,,,,,1,0
31,PREP,NOUN,ADJF,ADJF,CONJ,CONJ,NOUN,CONJ,NOUN,,3,0
3,NOUN,ADJF,,,,,,,,,3,0
26,NOUN,,NOUN,ADJF,NOUN,ADJF,PREP,NOUN,CONJ,NOUN,3,0
7,NOUN,ADJF,NOUN,ADJF,,NOUN,NOUN,,,,8,0
23,PREP,INFN,,,,PREP,NOUN,PREP,,PREP,1,0
28,NOUN,NOUN,PREP,NOUN,CONJ,CONJ,INFN,NOUN,PREP,NOUN,1,0
8,NOUN,PREP,,,,NOUN,PREP,NOUN,NOUN,NOUN,1,0
3,,,,,,ADJF,NOUN,,,,4,0
5,,,,,,PREP,NOUN,ADJF,NOUN,,4,0
4,,,,,,PREP,NOUN,NOUN,,,3,0
13,,NOUN,,NOUN,ADJF,,,,,,1,0
14,PREP,,PREP,NOUN,PREP,ADJF,ADVB,ADJF,NOUN,,1,0
3,,,,,,ADJF,NOUN,,,,3,0
4,NOUN,ADJF,,,,NOUN,,,,,45,0
4,NOUN,PREP,INFN,,,,,,,,2,0
3,ADJF,ADJF,,,,,,,,,2233,0
23,ADJF,,,,,ADJF,NOUN,PREP,NOUN,NOUN,1,0
3,NOUN,,,,,NOUN,,,,,1,0
4,,,,,,PREP,NOUN,NOUN,,,10,0
19,NOUN,CONJ,CONJ,ADJF,PREP,PREP,ADJF,,,PREP,1,0
30,NOUN,NOUN,NOUN,NOUN,NOUN,ADJF,ADJF,NOUN,ADJF,NOUN,1,0
17,PREP,NOUN,PREP,ADJF,NOUN,ADJF,ADJF,NOUN,PREP,ADJF,1,0
36,ADJF,NOUN,ADJF,CONJ,NOUN,,,,,,1,0
50,ADJF,NOUN,PREP,INFN,NOUN,,NOUN,NOUN,NOUN,,66,0
33,NOUN,PREP,INFN,INFN,NOUN,ADVB,NPRO,CONJ,INFN,ADJF,6,0
26,ADJF,NOUN,ADJF,NOUN,NOUN,CONJ,CONJ,ADJF,CONJ,ADJF,1,0
15,ADJF,NOUN,ADJF,ADJF,NOUN,PREP,NOUN,NOUN,NOUN,PREP,3,0
26,ADJF,NOUN,PREP,,,INFN,NOUN,NOUN,NOUN,ADJF,1,0
5,,,,,,INFN,ADJF,ADJF,NOUN,,1,0
50,NOUN,NOUN,NOUN,,,CONJ,NOUN,ADJF,NOUN,PREP,10,0
25,NOUN,ADJF,NOUN,NOUN,PREP,NOUN,,NOUN,,,1,0
5,ADJF,NOUN,,,,NOUN,ADJF,,,,1,0
5,,,,,,CONJ,NOUN,ADJF,NOUN,,6,0
5,ADJF,NOUN,,,,NOUN,ADJF,,,,1,0
3,NOUN,PREP,,,,,,,,,3,0
3,ADJF,,,,,ADJF,,,,,1,0
3,NOUN,PREP,,,,,,,,,2,0
10,ADJF,NOUN,NOUN,NOUN,,NOUN,NOUN,PREP,ADJF,NOUN,1,0
6,ADJF,NOUN,NOUN,NOUN,ADJF,,,,,,1,0
3,NOUN,,,,,NOUN,,,,,1,0
4,,,,,,NOUN,,NOUN,,,4,0
33,ADJS,NOUN,NOUN,ADJF,PREP,NOUN,NOUN,NOUN,NOUN,,1,0
17,,,,,,NOUN,,NOUN,PREP,NOUN,1,0
3,,,,,,PREP,NOUN,,,,27,0
15,NOUN,PREP,NOUN,INFN,PREP,NOUN,ADJF,NOUN,,,36,0
10,NOUN,NOUN,PREP,NOUN,ADJF,NOUN,,NOUN,,,1,0
24,ADJF,NUMR,PREP,ADJF,NOUN,NOUN,CONJ,ADJF,ADJF,ADJF,3,0
15,NOUN,ADJF,PREP,INFN,,NOUN,NOUN,PREP,ADJF,NOUN,1,0
44,NOUN,NOUN,ADJF,NOUN,NOUN,ADJF,NOUN,CONJ,ADJF,INFN,1,0
34,INFN,NOUN,NOUN,ADJF,ADJF,NOUN,,NOUN,PREP,NOUN,6,0
21,,,,,,NOUN,NOUN,NOUN,ADJF,ADJF,1,0
20,NOUN,ADJF,PREP,NOUN,NOUN,NOUN,INFN,NOUN,NOUN,NOUN,1,0
17,,,,,,ADVB,INFN,PREP,,NOUN,1,0
16,ADJF,PREP,INFN,NOUN,,ADJF,,NOUN,ADJF,,3,0
33,,,,,,NOUN,,NOUN,PREP,NOUN,10,0
5,ADJF,NOUN,,,,NOUN,ADJF,,,,1,0
4,,,,,,NOUN,,NOUN,,,1,0
36,NOUN,ADJF,ADJF,PREP,,INFN,NOUN,ADJF,INFN,PREP,3,0
37,NOUN,NOUN,PREP,NOUN,ADJF,NOUN,,,,,1,0
17,NOUN,ADJF,,,,NOUN,,NOUN,PREP,NPRO,1,0
15,ADJF,NOUN,ADJF,NOUN,NOUN,,,NOUN,,,1,0
11,NOUN,ADJF,NOUN,NPRO,PREP,NOUN,CONJ,NOUN,,,10,0
17,NOUN,ADJF,NOUN,PREP,ADJF,NOUN,,NOUN,NUMR,PREP,1,0
13,INFN,NOUN,NOUN,NOUN,,ADJF,PREP,ADJF,CONJ,ADVB,3,0
16,ADJF,NOUN,PREP,NOUN,ADJF,,,,,,1,0
16,ADJF,NOUN,PREP,NOUN,ADJF,,,,,,1,0
25,NOUN,ADJF,NOUN,NOUN,ADJF,NOUN,ADJF,NOUN,PREP,ADJF,1,0
23,NOUN,PREP,ADJF,NOUN,PREP,,,CONJ,ADJF,ADJF,3,0
14,NOUN,NOUN,ADJF,,,NOUN,,NOUN,PREP,NOUN,1,0
21,,,,,,NOUN,ADJF,NOUN,,NOUN,1,0
26,PREP,INFN,NOUN,,,NOUN,CONJ,INFN,PREP,ADJF,1,0
19,NOUN,PREP,INFN,ADJF,NOUN,NOUN,,,,,3,0
41,NOUN,ADJF,ADJF,NOUN,ADJF,NOUN,,NOUN,PREP,ADJF,3,0
29,PREP,INFN,NOUN,ADJF,CONJ,PREP,NOUN,NOUN,INFN,PREP,1,0
23,NOUN,CONJ,NOUN,NOUN,NOUN,INFN,NOUN,ADJF,NOUN,NOUN,1,0
43,ADJF,PREP,INFN,PREP,NOUN,CONJ,ADVB,ADJF,ADJF,ADJF,1,0
9,,,,,,NOUN,,NOUN,CONJ,NOUN,36,0
3,ADJF,,,,,ADJF,,,,,6,0
11,,,,,,NOUN,CONJ,NOUN,NOUN,PREP,1,0
4,NOUN,,,,,NOUN,NOUN,,,,1,0
47,PREP,,,NOUN,NOUN,,NOUN,ADJF,INFN,INFN,6,0
4,,,,,,NOUN,,NOUN,,,6,0
39,PREP,INFN,ADJF,ADJF,ADVB,ADJF,NOUN,INFN,PREP,ADJF,6,0
7,ADJF,NOUN,PREP,,NOUN,,,,,,4,0
14,ADJF,INFN,NOUN,PREP,ADJF,PREP,NOUN,NOUN,NOUN,CONJ,1,0
9,NOUN,ADJF,,,,NOUN,,NOUN,PREP,NOUN,3,0
17,,,,,,NOUN,,NOUN,ADVB,ADJF,1,0
3,NOUN,CONJ,,,,,,,,,1,0
29,,,,,,INFN,NOUN,PREP,NOUN,CONJ,1,0
3,,,,,,INFN,PREP,,,,1,0
38,ADJF,ADJF,NOUN,ADJF,NOUN,PREP,NOUN,NOUN,PREP,,3,0
4,ADJF,,,,,NOUN,ADJF,,,,1,0
3,NOUN,ADJF,,,,,,,,,15,0
8,NOUN,PREP,INFN,,,,NOUN,CONJ,ADJF,,1,0
5,ADJF,NOUN,,,,NOUN,ADJF,,,,1,0
21,ADJF,NOUN,ADJF,,,NOUN,NOUN,,NOUN,INFN,1,0
25,ADJF,NOUN,NOUN,INFN,INFN,NOUN,NOUN,NOUN,NOUN,NOUN,1,0
39,NOUN,PREP,PRCL,PRCL,VERB,CONJ,CONJ,PREP,ADJF,NOUN,1,0
26,NOUN,NOUN,PREP,INFN,INFN,NOUN,,NOUN,ADJF,NOUN,1,0
41,NOUN,ADJF,CONJ,ADJF,PREP,NOUN,CONJ,ADJF,ADJF,NOUN,1,0
12,NOUN,ADJF,ADJF,,,NOUN,,NOUN,INFN,PREP,1,0
9,ADJF,ADJF,NOUN,ADJF,NOUN,,,,,,28,0
3,,,,,,PREP,ADJF,,,,2,0
11,NOUN,NOUN,NOUN,,,PREP,NOUN,ADJF,ADJF,PREP,1,0
21,ADJF,NOUN,PREP,,NOUN,,,,,,1,0
3,ADJF,,,,,PREP,,,,,1,0
40,NOUN,ADJF,CONJ,NOUN,NOUN,NOUN,PREP,,,NOUN,3,0
30,NOUN,NOUN,INFN,NOUN,NOUN,NOUN,,NOUN,PREP,NOUN,6,0
17,NOUN,NOUN,CONJ,,NOUN,,,ADJF,NOUN,NOUN,1,0
17,PREP,NOUN,NOUN,NOUN,PREP,NOUN,INFN,PREP,ADJF,NOUN,1,0
6,,,,,,NOUN,,NOUN,ADJF,NOUN,6,0
14,,NOUN,NOUN,PREP,NOUN,NOUN,,ADVB,PREP,NOUN,6,0
8,,,,,,PREP,NOUN,ADJF,NOUN,ADJF,3,0
31,INFN,NOUN,ADJF,NOUN,PREP,NOUN,NOUN,NOUN,NOUN,PRCL,3,0
6,NOUN,ADJF,,,,INFN,,NOUN,,,1,0
41,CONJ,NOUN,,,NOUN,,,INFN,NOUN,NOUN,3,0
23,ADJF,PREP,ADVB,NOUN,NPRO,INFN,NPRO,,INFN,PREP,1,0
3,,,,,,PREP,NOUN,,,,1,0
18,PREP,NOUN,NOUN,PREP,INFN,ADVB,PREP,NOUN,NOUN,NOUN,6,0
23,PREP,,,,,INFN,ADJF,ADJF,NOUN,NOUN,1,0
7,PREP,INFN,INFN,INFN,,PREP,ADJF,,,,6,0
3,,,,,,NOUN,NOUN,,,,21,0
16,ADJF,NOUN,PREP,NOUN,ADJF,,,,,,1,0
7,,,,,,NOUN,CONJ,ADJF,NOUN,PREP,3,0
5,,,,,,INFN,NOUN,CONJ,NOUN,,3,0
23,ADJF,NOUN,INFN,NOUN,PREP,ADJF,ADVB,INFN,PREP,ADJF,1,0
3,NOUN,ADJF,,,,,,,,,3,0
15,NOUN,ADJF,ADJF,,,ADVB,NOUN,PREP,NOUN,NOUN,1,0
12,,CONJ,NUMR,,ADJF,INFN,ADJF,,,,6,0
5,,,,,,NOUN,,NOUN,CONJ,,3,0
20,PREP,INTJ,,NOUN,ADJF,,INTJ,,,,1,0
15,,,,,,,INFN,PREP,ADJF,ADJF,1,0
14,NOUN,NOUN,NOUN,ADVB,NOUN,NOUN,NOUN,ADJF,INFN,PREP,3,0
16,ADJF,NOUN,PREP,NOUN,ADJF,,,,,,1,0
16,ADJF,NOUN,PREP,NOUN,ADJF,,,,,,1,0
25,NOUN,PREP,NOUN,ADVB,CONJ,NOUN,PREP,NOUN,ADJF,INFN,1,0
3,,,,,,NOUN,ADJF,,,,1,0
14,NOUN,ADJF,PREP,NOUN,CONJ,CONJ,ADJF,,,,1,0
4,NOUN,ADJF,INFN,,,,,,,,2,0
4,NOUN,ADJF,NOUN,,,,,,,,2,0
3,ADJF,PREP,,,,,,,,,4,0
6,NOUN,NOUN,PREP,NOUN,ADJF,,,,,,8,0
29,ADJF,PREP,NOUN,INFN,ADVB,NOUN,ADJF,,NOUN,CONJ,1,0
18,INFN,NOUN,NOUN,PREP,INFN,NOUN,,NOUN,NOUN,,1,0
29,ADJF,ADVB,ADJF,NOUN,PREP,INFN,NOUN,ADVB,INFN,PREP,1,0
15,ADJF,NOUN,ADJF,PREP,NOUN,,,,,,1,0
4,ADJF,NOUN,ADJF,,,,,,,,2,0
12,NOUN,ADJF,ADJF,,,ADJF,NOUN,INFN,NUMR,NOUN,1,0
3,,,,,,PREP,NOUN,,,,11,0
4,,,,,,NOUN,NOUN,ADJF,,,1,0
30,NOUN,PREP,NOUN,ADJF,ADJF,PREP,INFN,INFN,INFN,ADJF,1,0
29,INFN,,NOUN,NOUN,NOUN,ADJF,NOUN,ADJF,NOUN,,1,0
16,ADJF,NOUN,PREP,NOUN,ADJF,,,,,,1,0
5,INFN,PRCL,,,,NOUN,,,,,34,0
20,NOUN,ADJF,PREP,NOUN,NOUN,NOUN,,,,,1,0
55,PREP,NOUN,ADJF,,,NOUN,CONJ,NOUN,NOUN,INFN,1,0
21,ADJF,NOUN,NOUN,NOUN,,NOUN,,NOUN,PREP,NOUN,1,0
17,,ADJF,NOUN,ADJF,,NOUN,,NOUN,NOUN,ADJF,6,0
20,NOUN,PREP,INFN,CONJ,,ADJF,PREP,,NOUN,CONJ,1,0
27,NOUN,ADJF,NOUN,ADJF,,NOUN,NOUN,,NOUN,PREP,1,0
34,ADJF,PREP,INFN,NOUN,PREP,PREP,NOUN,PREP,NOUN,NOUN,3,0
3,NOUN,PREP,,,,,,,,,87,0
16,ADJF,NOUN,PREP,NOUN,ADJF,,,,,,1,0
33,NOUN,CONJ,NOUN,NOUN,,NOUN,ADJF,ADJF,NOUN,PREP,1,0
8,,,,,,NOUN,NOUN,PREP,NOUN,PREP,1,0
16,ADJF,NOUN,PREP,NOUN,ADJF,,,,,,1,0
4,,,,,,NOUN,PREP,ADJF,,,1,0
26,INFN,NOUN,NOUN,PREP,,NOUN,NOUN,,ADJF,NOUN,1,0
4,NOUN,ADJF,ADJF,,,,,,,,1985,0
3,NOUN,,,,,NOUN,,,,,1,0
24,NOUN,PREP,NOUN,NOUN,INFN,NOUN,PREP,NOUN,,,3,0
42,NOUN,ADJF,NOUN,ADJF,,NOUN,NOUN,ADJF,,NOUN,6,0
27,NOUN,ADJF,PREP,NOUN,NOUN,CONJ,NOUN,,,,3,0
5,,,,,,NOUN,NOUN,ADJF,NOUN,,3,0
10,PREP,,,,,ADJF,ADJF,CONJ,ADJF,NOUN,1,0
21,NOUN,NOUN,ADJF,ADJF,,NOUN,,NOUN,INFN,PREP,1,0
6,ADJF,ADJF,INFN,NOUN,PREP,,,,,,7,0
12,NOUN,PREP,NOUN,NOUN,NOUN,ADVB,INFN,NOUN,ADJF,NOUN,1,0
8,,,,,,NOUN,NOUN,PREP,NOUN,PREP,1,0
4,,,,,,ADJF,ADJF,NOUN,,,6,0
20,INFN,NOUN,PREP,NOUN,PREP,NOUN,,NOUN,PREP,NOUN,1,0
29,NOUN,ADJF,,,,CONJ,NOUN,INFN,PREP,NOUN,1,0
23,PREP,NOUN,ADJF,NOUN,PREP,NOUN,NOUN,,,,1,0
3,,,,,,PREP,NOUN,,,,4,0
15,NOUN,NOUN,ADJF,,,ADVB,,,,,1,0
22,PREP,NOUN,ADJF,PREP,NOUN,ADJF,NOUN,,,,3,0
33,NOUN,NUMR,,,,ADJF,ADJF,INFN,PREP,NOUN,1,0
3,,,,,,NOUN,PREP,,,,5,1
5,ADJF,,,,,,ADJF,,,,1,0
13,NOUN,NOUN,ADJF,,,NOUN,,NOUN,ADJF,NOUN,1,0
28,NOUN,PREP,NOUN,NOUN,ADJF,NOUN,ADJF,INFN,NOUN,ADJF,4,0
4,,,,,,ADJF,NOUN,NOUN,,,1,0
3,NOUN,,,,,NOUN,,,,,10,1
6,ADJF,NOUN,PREP,NOUN,ADJF,,,,,,5940,0
8,,,,,,,NOUN,PREP,NOUN,PREP,1,0
16,ADJF,NOUN,PREP,NOUN,ADJF,,,,,,1,0
18,NOUN,NOUN,NOUN,PREP,INFN,NOUN,ADVB,INFN,ADJF,NOUN,1,0
4,NOUN,ADJF,NOUN,,,,,,,,1,0
5,NOUN,PREP,INFN,NOUN,,,,,,,2,0
22,NOUN,,NOUN,NOUN,ADJF,NOUN,CONJ,ADJF,NOUN,,1,0
6,,,,,,PREP,NOUN,PREP,NOUN,ADJF,10,0
27,ADJF,CONJ,NOUN,,NOUN,NOUN,,NOUN,NOUN,,10,0
13,ADJF,NOUN,NOUN,ADJF,ADJF,PREP,NOUN,,,,6,0
9,ADJF,NOUN,PREP,NOUN,ADJF,,,,,,40,0
37,CONJ,NOUN,ADJF,NOUN,NOUN,ADJF,NOUN,,,,1,0
17,PREP,NPRO,INFN,CONJ,NOUN,NPRO,NOUN,PREP,ADJF,NOUN,1,0
21,,CONJ,NOUN,,PREP,INFN,PREP,NUMR,NOUN,PREP,6,0
26,PREP,NOUN,,,CONJ,,,NOUN,ADJF,,1,0
30,ADJF,PREP,NOUN,PREP,NOUN,PREP,NOUN,NOUN,ADVB,,1,0
5,,,,,,,NOUN,PREP,ADJF,,1,0
13,,,,,,ADJF,NOUN,ADJF,NOUN,CONJ,6,0
30,ADJF,NUMR,PREP,ADJF,NOUN,NOUN,PREP,NOUN,INFN,PREP,3,0
12,PREP,ADJF,NOUN,NOUN,PREP,ADJF,NOUN,ADJF,ADJF,NOUN,3,0
22,NOUN,INFN,PRCL,,,NOUN,,,,,3,0
3,ADJF,NOUN,,,,,,,,,1,0
11,NOUN,NOUN,NOUN,,,NOUN,INFN,NOUN,ADJF,NOUN,1,0
4,,,,,,NOUN,,NOUN,,,10,0
4,NOUN,NOUN,PREP,,,,,,,,1,0
7,,,,,,PREP,NOUN,PREP,NOUN,NOUN,1,0
20,PREP,NOUN,NOUN,PREP,INFN,ADJF,NOUN,CONJ,INFN,NOUN,1,0
16,NOUN,NOUN,PREP,NOUN,NOUN,PREP,NOUN,INFN,ADVB,ADJF,1,0
16,ADJF,NOUN,PREP,NOUN,ADJF,,,,,,1,0
3,ADJF,,,,,ADJF,,,,,10,0
6,,,,,,NOUN,INFN,PREP,NOUN,NOUN,6,0
14,,,,,,CONJ,NOUN,ADJF,ADJF,NOUN,1,0
71,PREP,,,NOUN,NOUN,ADVB,PREP,NOUN,PREP,NOUN,6,0
6,ADJF,ADVB,,,,,,NOUN,,,1,0
7,NOUN,PREP,NOUN,PREP,INFN,,,,,,10,0
9,PRCL,,,,,NOUN,ADJF,NOUN,CONJ,NOUN,1,0
4,,,,,,NOUN,,NOUN,,,1,0
3,,,,,,PREP,NOUN,,,,58,0
6,,,,,,NOUN,NOUN,PREP,,NOUN,6,0
10,,,,,,,,,,NOUN,1,0
3,NOUN,PREP,,,,,,,,,1,0
32,PREP,INFN,INFN,NOUN,NOUN,NOUN,ADJF,NOUN,INFN,NOUN,1,0
24,NOUN,CONJ,NOUN,,INFN,NOUN,,NOUN,,,1,0
24,NOUN,PREP,NOUN,NOUN,ADJF,NOUN,NOUN,PREP,NOUN,NOUN,3,0
16,NOUN,ADJF,ADJF,,,NOUN,INFN,,NOUN,NUMR,1,0
5,ADJF,NOUN,,,,NOUN,ADJF,,,,1,0
5,ADJF,NOUN,,,,NOUN,ADJF,,,,1,0
3,PREP,INFN,,,,,,,,,4,0
8,PREP,NOUN,ADJF,,NOUN,ADJF,NOUN,,,,1,0
46,ADJF,CONJ,NOUN,PREP,NOUN,ADVB,INFN,PREP,NOUN,PREP,3,0
26,CONJ,NOUN,NOUN,NOUN,PREP,NOUN,NOUN,CONJ,NOUN,NOUN,1,0
3,,,,,,NOUN,,,,,1,0
17,NOUN,NOUN,NOUN,NOUN,,ADJF,NOUN,NOUN,NOUN,PREP,1,0
3,,,,,,PREP,NOUN,,,,29,0
5,,,,,,ADJF,ADJF,PREP,ADJF,,2,1
13,,,,,,PREP,NOUN,PREP,NOUN,,12,0
38,PREP,INFN,INFN,ADJF,CONJ,,ADVB,PRCL,ADJF,NOUN,3,0
20,NOUN,,NOUN,ADJF,NOUN,NOUN,ADJF,ADJF,NOUN,,1,0
21,ADJF,PREP,NOUN,ADJF,NOUN,PREP,NOUN,NOUN,,,1,0
23,INFN,PRCL,,,INFN,NOUN,NOUN,,,,3,0
3,NOUN,ADJF,,,,,,,,,27852,0
16,PREP,NOUN,INFN,ADVB,NOUN,CONJ,ADVB,NOUN,PREP,NOUN,1,0
56,INFN,NOUN,NOUN,ADJF,ADVB,NOUN,PREP,NOUN,CONJ,NOUN,6,0
38,ADJF,NOUN,NOUN,ADJF,NOUN,NOUN,,NOUN,PREP,ADJF,1,0
29,PREP,NOUN,NOUN,ADJF,INFN,CONJ,INFN,PREP,ADJF,NOUN,1,0
24,NOUN,PREP,NOUN,NOUN,PREP,NOUN,NOUN,ADJF,NOUN,NOUN,1,0
16,ADJF,NOUN,PREP,NOUN,ADJF,,,,,,1,0
15,NOUN,PREP,NOUN,ADJF,NOUN,NOUN,,,,,6,0
8,,,,,,NOUN,CONJ,NOUN,INFN,PREP,3,0
32,NOUN,NOUN,PREP,INFN,PREP,ADJF,NOUN,CONJ,ADJF,NOUN,1,0
99,ADJF,NOUN,ADJF,PREP,ADJF,PREP,NOUN,NOUN,CONJ,ADVB,3,0
32,ADJF,ADJF,PREP,ADJF,INFN,ADJF,NOUN,INFN,NOUN,PREP,6,0
57,ADJF,PREP,ADJF,NOUN,ADJF,ADJF,NOUN,NOUN,,NOUN,6,0
29,ADJF,NOUN,PREP,NOUN,NOUN,PREP,,NOUN,PREP,NOUN,1,0
4,,,,,,PREP,ADJF,NOUN,,,2,0
6,,,,,,ADJF,NOUN,CONJ,ADVB,ADJF,6,0
27,ADJF,NOUN,INFN,,ADJF,NOUN,PREP,NOUN,NOUN,CONJ,1,0
14,,NOUN,ADJF,ADJF,NOUN,NOUN,INFN,NOUN,INFN,PREP,1,0
28,ADJF,PREP,NOUN,PREP,NOUN,PREP,NOUN,ADJF,NOUN,PREP,1,0
40,ADJF,NOUN,PREP,INFN,NOUN,PREP,NOUN,NOUN,NOUN,PREP,1,0
15,NOUN,PREP,INFN,CONJ,INFN,,,,,,3,0
22,ADJF,CONJ,CONJ,NOUN,CONJ,ADJF,NOUN,,,,1,0
12,,,,,,NOUN,,,,NOUN,1,0
35,PREP,ADVB,INFN,INFN,NOUN,NOUN,NOUN,,CONJ,CONJ,1,0
22,NOUN,NOUN,NPRO,NOUN,INFN,,,,,,1,0
18,,CONJ,NOUN,NOUN,NOUN,PREP,NOUN,ADJF,NOUN,ADJF,1,0
39,NOUN,NOUN,NOUN,NOUN,NOUN,PREP,NOUN,NOUN,INFN,CONJ,3,0
8,,,,,,NOUN,NOUN,PREP,NOUN,PREP,1,0
3,NOUN,,,,,NOUN,,,,,1,0
41,ADJF,PREP,INFN,NOUN,NOUN,PREP,NOUN,PREP,NOUN,NOUN,1,0
33,NOUN,NPRO,INFN,NOUN,CONJ,NOUN,,NOUN,CONJ,NOUN,1,0
42,,CONJ,NOUN,PREP,NOUN,NOUN,CONJ,,ADJF,NOUN,1,0
42,NOUN,ADJF,NOUN,ADJF,ADJF,CONJ,ADJF,NOUN,NOUN,NOUN,1,0
31,PREP,INFN,NOUN,INFN,NOUN,ADJF,NOUN,ADJF,ADVB,INFN,1,0
16,NOUN,NOUN,PREP,NOUN,ADJF,NOUN,,NOUN,CONJ,NOUN,3,0
3,,,,,,PREP,ADJF,,,,12,0
17,ADJF,NOUN,INFN,NOUN,PREP,ADJF,NOUN,ADJF,ADJF,NOUN,1,0
24,NOUN,NOUN,NOUN,INFN,,INFN,NUMR,ADJF,NOUN,ADJF,1,0
3,,,,,,NOUN,PREP,,,,3,0
87,NOUN,PREP,NOUN,NUMR,PREP,INFN,ADVB,NOUN,INFN,NOUN,1,0
50,PREP,INFN,NOUN,CONJ,NOUN,CONJ,INFN,NOUN,PREP,NOUN,1,0
3,,,,,,NOUN,,,,,2,0
16,NOUN,ADJF,ADJF,CONJ,NOUN,NOUN,INFN,PREP,,NOUN,1,0
3,,,,,,CONJ,NOUN,,,,5,0
11,,,,,,NOUN,NOUN,PREP,NOUN,ADJF,1,0
45,NOUN,CONJ,NOUN,NOUN,ADJF,CONJ,ADJF,NOUN,PREP,NOUN,1,0
5,ADJF,NOUN,,,,NOUN,ADJF,,,,1,0
23,,,,,,PREP,ADJF,NOUN,CONJ,CONJ,1,0
20,NOUN,NOUN,ADJF,NOUN,,INFN,ADJF,NOUN,NOUN,,1,0
4,,,,,,NOUN,,NOUN,,,6,0
7,NOUN,ADJF,NOUN,ADJF,,NOUN,ADJF,,,,1,0
13,NOUN,ADJF,,,NOUN,NOUN,,NOUN,PREP,NOUN,1,0
14,NOUN,PREP,INFN,NOUN,NOUN,NOUN,,,,,1,0
4,ADJF,ADJF,INFN,,,,,,,,9,1
3,NOUN,,,,,NOUN,,,,,3,0
4,NOUN,NOUN,ADJF,,,,,,,,1,0
20,PREP,NOUN,ADJF,ADJF,ADJF,ADJF,NOUN,PREP,NOUN,NOUN,3,0
15,NOUN,CONJ,NOUN,PREP,NOUN,NOUN,PREP,NOUN,ADJF,NOUN,1,0
4,PREP,,,,,INFN,PREP,,,,1,0
21,NOUN,NOUN,NOUN,ADVB,NOUN,,,,,,3,0
33,NOUN,ADJF,PREP,,,INFN,NOUN,INFN,ADJF,NOUN,1,0
12,PREP,INFN,NOUN,PREP,,CONJ,INFN,NOUN,INFN,PREP,1,0
13,NOUN,ADJF,ADJF,ADVB,NOUN,NOUN,,NOUN,PREP,NOUN,1,0
16,NOUN,NOUN,ADJF,CONJ,NOUN,NOUN,INFN,PREP,,NOUN,1,0
6,NOUN,ADJF,,,,NOUN,,NOUN,,,1,0
48,PREP,NOUN,ADJF,CONJ,ADJF,INFN,PREP,NOUN,,NOUN,1,0
20,NOUN,ADJF,NOUN,,ADVB,ADVB,,NOUN,,,1,0
22,PREP,NOUN,PREP,NOUN,ADJF,NOUN,NOUN,NOUN,,,1,0
9,NOUN,NOUN,NOUN,,,PREP,NOUN,ADJF,ADJF,NOUN,1,0
5,,,,,,NOUN,NOUN,,NOUN,,1,0
16,ADJF,NOUN,PREP,NOUN,ADJF,,,,,,1,0
62,ADJF,NOUN,PREP,ADVB,INFN,PREP,NOUN,PREP,ADJF,ADJF,10,0
9,PREP,INFN,NOUN,NOUN,NOUN,NOUN,,,,,1,0
43,NOUN,ADJF,INTJ,CONJ,,ADJF,NOUN,NOUN,NOUN,CONJ,1,0
3,NOUN,,,,,NOUN,,,,,1,0
33,PREP,,NPRO,PREP,NOUN,,,,,,10,0
3,PREP,NOUN,,,,,,,,,1,0
18,PREP,,,,,PREP,,NOUN,ADVB,NOUN,1,0
18,ADJF,PREP,VERB,,,PREP,NOUN,ADJF,NOUN,NOUN,1,0
9,,,,,,NOUN,ADJF,ADJF,NOUN,,1,0
7,NOUN,ADJF,ADJF,,,NOUN,,NOUN,,,1,0
3,,,,,,ADVB,NOUN,,,,9,0
11,ADJF,ADJF,NOUN,NOUN,ADJF,ADJF,NOUN,,,,1,0
3,PREP,INFN,,,,,,,,,11,0
15,,,,,,PREP,NOUN,NOUN,PREP,,1,0
3,,,,,,NOUN,CONJ,,,,2,0
3,,,,,,,NOUN,,,,1,0
51,NOUN,ADJF,CONJ,NOUN,NOUN,NOUN,NOUN,,,NPRO,1,0
3,,,,,,NOUN,NOUN,,,,4,0
13,PREP,ADVB,NOUN,ADJF,NOUN,ADVB,CONJ,NOUN,PREP,NOUN,1,0
16,ADJF,NOUN,PREP,INFN,INFN,,,,,,1,0
3,,,,,,ADJF,ADJF,,,,1,0
10,NOUN,ADJF,ADJF,NOUN,,NOUN,,NOUN,ADJF,ADJF,1,0
10,ADJF,ADJF,,NOUN,NOUN,ADJF,NOUN,PREP,NOUN,,3,0
38,ADJF,NOUN,ADJF,PREP,INFN,PREP,NOUN,,,NOUN,10,0
21,,,,,,ADJF,NOUN,INFN,ADJF,NOUN,6,0
3,PREP,INFN,,,,,,,,,3,0
29,ADJF,PREP,NOUN,ADJF,INFN,ADVB,INFN,,PREP,ADJF,1,0
13,NOUN,ADJF,,,,NOUN,,NOUN,ADJF,ADJF,1,0
3,,,,,,ADJF,NOUN,,,,532,0
49,,,,,,NOUN,ADJF,NOUN,,NOUN,1,0
3,NOUN,NOUN,,,,,,,,,2,0
22,PREP,NOUN,,PREP,NOUN,NOUN,PREP,NOUN,NOUN,NOUN,1,0
5,ADJF,NOUN,,,,NOUN,ADJF,,,,1,0
10,PREP,NOUN,NOUN,ADJF,NOUN,NOUN,NOUN,,,,3,0
16,ADJF,NOUN,PREP,NOUN,ADJF,,,,,,1,0
3,,,,,,NOUN,ADJF,,,,6,0
3,,,,,,PREP,ADJF,,,,9,0
19,NOUN,PREP,NOUN,INFN,NOUN,PREP,ADJF,PREP,NOUN,INFN,3,0
16,ADJF,ADVB,NOUN,ADJF,NOUN,INFN,ADJF,ADJF,NOUN,ADJF,6,0
15,NOUN,NOUN,NOUN,,,PREP,ADJF,NOUN,NOUN,ADJF,1,0
6,NOUN,,,,,NOUN,PREP,NOUN,NOUN,,1,0
3,PREP,NOUN,,,,,,,,,2,0
18,NOUN,NOUN,,PREP,,NOUN,CONJ,NPRO,NOUN,NOUN,6,0
3,PREP,,,,,NOUN,,,,,1,0
25,ADJF,PREP,CONJ,NOUN,ADJF,INFN,NPRO,PREP,NOUN,ADJF,1,0
3,NOUN,,,,,NOUN,,,,,1,0
17,NOUN,ADJF,NOUN,PREP,NOUN,NOUN,NOUN,,NOUN,PREP,3,0
8,,,,,,NOUN,PREP,ADJF,ADJF,NOUN,1,0
5,ADJF,NOUN,,,,NOUN,ADJF,,,,1,0
3,,,,,,NOUN,,,,,3,0
12,ADJF,PREP,INFN,INFN,,NOUN,NOUN,CONJ,NOUN,NOUN,3,0
24,NOUN,ADJF,PREP,NOUN,NOUN,NOUN,INFN,ADVB,CONJ,ADVB,1,0
9,NOUN,NOUN,NOUN,,,ADJF,ADJF,ADJF,ADJF,NOUN,3,0
66,ADJF,PREP,INFN,NOUN,INFN,CONJ,INFN,NOUN,ADVB,CONJ,1,0
4,,,,,,PREP,NOUN,CONJ,,,2,0
4,,,,,,NOUN,ADJF,NOUN,,,10,0
26,PREP,INFN,,NOUN,NOUN,PREP,ADJF,NOUN,NOUN,NOUN,1,0
22,ADJF,NOUN,ADJF,PREP,INFN,CONJ,INFN,PREP,NOUN,,1,0
3,,,,,,PREP,NOUN,,,,14,0
55,ADJF,PREP,CONJ,NOUN,PRCL,PREP,ADJF,NOUN,VERB,ADVB,55,0
11,ADJF,NOUN,NOUN,ADJF,NOUN,,,,,,1,0
8,,,,,,NOUN,NOUN,PREP,NOUN,PREP,1,0
3,,,,,,ADJF,ADJF,,,,102,0
8,NPRO,NOUN,,,,NOUN,ADVB,INFN,ADJF,NOUN,1,0
3,NOUN,,,,,NOUN,,,,,1,0
16,ADJF,ADJF,,,,CONJ,ADVB,NOUN,PREP,NOUN,10,0
3,,,,,,NOUN,ADJF,,,,1,0
8,,,,,,NOUN,NOUN,PREP,NOUN,PREP,1,0
3,,,,,,ADJF,NOUN,,,,12,0
5,NOUN,NOUN,ADJF,ADJF,,,,,,,1,0
37,NOUN,NOUN,PREP,NOUN,NOUN,NOUN,CONJ,NOUN,NOUN,NOUN,3,0
4,PREP,,,,,PREP,NOUN,,,,4,0
23,ADJF,PREP,INFN,NOUN,NOUN,NOUN,NOUN,,,,3,0
4,NOUN,ADJF,ADJF,,,,,,,,7,0
46,NOUN,NOUN,PREP,NOUN,PREP,PREP,ADJF,ADJF,NOUN,,3,0
14,,,,,,ADJF,NOUN,ADVB,NOUN,PREP,1,0
3,,,,,,ADJF,NOUN,,,,35,0
24,NOUN,INFN,ADJF,CONJ,ADJF,INFN,NOUN,NOUN,INFN,ADVB,3,0
22,,,,,,NOUN,PREP,NOUN,ADJF,ADJF,3,0
27,,,,,,NOUN,CONJ,NOUN,PREP,ADJF,6,0
3,,,,,,ADJF,NOUN,,,,4,0
5,NOUN,PREP,NOUN,ADJF,,,,,,,1,0
21,,INFN,NOUN,CONJ,ADJF,NOUN,PREP,NOUN,,,1,0
20,,,,,,INFN,,NOUN,NOUN,ADJF,15,0
19,NOUN,NOUN,,,,NOUN,NOUN,,NOUN,CONJ,3,0
7,NOUN,ADVB,CONJ,NOUN,NOUN,,,,,,1,0
18,CONJ,NOUN,NOUN,PREP,ADJF,NOUN,PREP,NPRO,,,1,0
11,,,,,,NOUN,,NOUN,PREP,ADJF,1,0
22,NOUN,PREP,INFN,NOUN,NOUN,CONJ,INFN,NOUN,NOUN,INFN,6,0
3,,,,,,PREP,ADJF,,,,3,0
21,ADJF,ADJF,INFN,NOUN,PREP,PREP,NOUN,PREP,NOUN,ADJF,1,0
4,,,,,,NOUN,NOUN,ADJF,,,1,0
17,NOUN,ADJF,,,,ADJF,INFN,NOUN,NOUN,ADJF,1,0
4,,,,,,PREP,CONJ,NOUN,,,1,0
30,PREP,NOUN,NPRO,CONJ,NOUN,CONJ,PREP,NOUN,,,1,0
10,,,,,,,,CONJ,ADJF,,10,0
21,ADJF,PREP,,,NOUN,NOUN,NOUN,,,NOUN,3,0
4,,,,,,NOUN,,NOUN,,,2,0
5,,,,,,CONJ,ADJF,ADJF,NOUN,,3,0
21,NOUN,ADJF,NOUN,NOUN,,NOUN,ADJF,,ADJF,,3,0
3,,,,,,NOUN,ADJF,,,,5,0
5,,,,,,ADVB,PREP,NOUN,PREP,,4,0
4,,,,,,NOUN,,NOUN,,,1,0
18,NOUN,,,,,INFN,NOUN,ADJF,NOUN,PREP,1,0
6,NOUN,NOUN,NOUN,,,PREP,NOUN,,,,6,0
4,,,,,,PREP,NOUN,PREP,,,11,0
22,NOUN,NOUN,NOUN,PREP,NOUN,,,NOUN,,,1,0
4,ADJF,ADJF,,,,PREP,,,,,29,0
15,NOUN,NOUN,ADJF,ADJF,,NOUN,PREP,NOUN,ADJF,NOUN,1,0
30,NOUN,CONJ,NOUN,NOUN,INFN,ADVB,ADJF,CONJ,NOUN,CONJ,1,0
41,PREP,INFN,NOUN,,NOUN,NOUN,,NOUN,PREP,ADJF,3,0
9,NOUN,,NOUN,ADJF,NOUN,NOUN,,,,,1,0
3,,,,,,INFN,PREP,,,,1,0
13,NOUN,NOUN,NOUN,,,NOUN,NOUN,PREP,NOUN,NOUN,3,0
3,PREP,NOUN,,,,,,,,,1,0
33,NOUN,PREP,INFN,NOUN,INFN,NOUN,ADJF,ADJF,NOUN,NOUN,1,0
36,NOUN,PREP,,NOUN,NOUN,NOUN,PREP,NOUN,ADJF,NOUN,6,0
19,ADJF,CONJ,NOUN,ADJF,PREP,INFN,ADJF,NOUN,,,10,0
11,NOUN,,PREP,NOUN,NOUN,,ADJF,ADJF,,,1,0
32,ADJF,ADJF,PREP,ADJF,CONJ,NOUN,,NOUN,ADJF,NOUN,1,0
18,ADJF,NOUN,PREP,NOUN,NUMR,,,,,,1,0
18,NOUN,PREP,NOUN,ADJF,NOUN,NOUN,,,,,1,0
30,NOUN,PREP,NOUN,PREP,INFN,ADJF,CONJ,ADJF,PREP,NOUN,1,0
18,,ADJF,PREP,NOUN,ADJF,ADJF,,NOUN,NOUN,,1,0
16,ADJF,NOUN,PREP,NOUN,ADJF,,,,,,1,0
25,PREP,NOUN,NOUN,NOUN,NOUN,NOUN,,,,,1,0
30,NOUN,NOUN,ADJF,PREP,NOUN,PREP,NOUN,ADJF,ADJF,NOUN,6,0
14,ADJF,ADJF,,,CONJ,ADJF,NOUN,,,,1,0
8,INFN,,,NOUN,NOUN,ADVB,ADJF,,,,1,0
3,,,,,,INFN,CONJ,,,,10,0
11,NOUN,NOUN,NOUN,NOUN,,PREP,NOUN,NOUN,NOUN,NOUN,1,0
10,ADJF,NOUN,NOUN,ADJF,,NOUN,,INFN,PREP,ADJF,1,0
15,ADJF,ADJF,ADJF,,NUMR,ADJF,NOUN,,,,6,0
43,NOUN,PREP,INFN,NOUN,NPRO,PREP,,NOUN,NOUN,NOUN,6,0
14,NOUN,ADJF,ADJF,NOUN,CONJ,NOUN,CONJ,PREP,NOUN,NOUN,1,0
18,ADJF,PREP,INFN,NOUN,,PREP,NOUN,,NOUN,PREP,1,0
24,NOUN,CONJ,NOUN,ADJF,CONJ,ADJF,,,,,3,0
14,NOUN,NOUN,ADJF,,,NOUN,,NOUN,PREP,NOUN,1,0
3,,,,,,ADJF,NOUN,,,,1,0
20,NOUN,NOUN,NOUN,NOUN,NOUN,NOUN,NOUN,ADJF,,,3,0
17,NOUN,NOUN,NOUN,ADJF,CONJ,CONJ,ADJF,NOUN,NOUN,NOUN,1,0
3,CONJ,NOUN,,,,,,,,,2,0
28,ADJF,PREP,NOUN,ADJF,NOUN,NOUN,NOUN,ADJF,NOUN,CONJ,6,0
23,NOUN,,NOUN,PREP,NOUN,CONJ,NOUN,INFN,ADJF,NOUN,1,0
34,NOUN,NOUN,ADJF,NOUN,PREP,NOUN,,NOUN,CONJ,CONJ,3,0
39,NOUN,PREP,CONJ,NOUN,ADJF,NOUN,ADJF,ADVB,CONJ,CONJ,6,0
18,ADJF,NOUN,NOUN,NOUN,,ADJF,NOUN,PREP,NOUN,NOUN,1,0
30,NOUN,NOUN,ADJF,,,ADJF,,NOUN,PREP,NOUN,3,0
3,,,,,,ADJF,NOUN,,,,5,0
5,PREP,,,,,PREP,NOUN,PREP,,,1,0
4,,,,,,PREP,ADJF,NOUN,,,1,0
62,PRCL,NOUN,NOUN,,PREP,PREP,,PREP,,CONJ,3,0
14,PREP,NOUN,NOUN,NOUN,NOUN,INFN,PREP,ADJF,NOUN,CONJ,1,0
8,ADJF,ADVB,,,,INFN,PREP,NOUN,NOUN,ADJF,3,0
6,,,,,,PREP,ADJF,NOUN,PREP,NOUN,12,0
8,,,,,,NOUN,NOUN,PREP,NOUN,PREP,1,0
3,ADJF,ADVB,,,,,,,,,2,0
24,PREP,INFN,ADVB,NPRO,NOUN,PREP,ADJF,NOUN,NOUN,PREP,1,0
18,NOUN,,PREP,NOUN,NOUN,ADJF,NOUN,ADJF,ADJF,NOUN,3,0
23,NOUN,CONJ,INFN,ADJF,NOUN,PRCL,NOUN,INFN,PRED,NOUN,1,0
4,,,,,,CONJ,PREP,NOUN,,,2,0
19,NOUN,PREP,NOUN,CONJ,ADJF,NOUN,NOUN,NOUN,CONJ,ADJF,1,0
40,NOUN,NOUN,NOUN,ADJF,PREP,PREP,NOUN,ADJF,INFN,NOUN,1,0
6,,,,,,NOUN,,NOUN,CONJ,ADJF,3,0
65,NOUN,NOUN,PREP,NOUN,,,NOUN,INFN,PREP,NOUN,36,0
24,INFN,PRCL,,,INFN,NOUN,NOUN,,,,3,0
30,NOUN,ADJF,NOUN,ADJF,ADJF,NOUN,,NOUN,,,1,0
19,NOUN,PREP,ADVB,,PREP,INFN,INFN,NOUN,ADJF,CONJ,21,0
11,ADJF,ADJF,NOUN,,,NOUN,PREP,NOUN,NOUN,NOUN,1,0
5,ADJF,NOUN,,,,NOUN,ADJF,,,,1,0
5,ADJF,NOUN,,,,NOUN,ADJF,,,,1,0
26,NOUN,PREP,INFN,NOUN,ADJF,NOUN,,,,,1,0
13,,,,,,ADJF,NOUN,PREP,ADJF,NOUN,1,0
15,,,,,,PREP,ADJF,ADJF,NOUN,NOUN,1,0
32,PREP,INFN,NOUN,PREP,NOUN,PREP,,NOUN,PREP,NOUN,1,0
16,ADJF,NOUN,PREP,NOUN,ADJF,,,,,,1,0
3,,,,,,PREP,NOUN,,,,33,0
3,PREP,INFN,,,,,,,,,4,0
15,PREP,NOUN,ADJF,CONJ,NOUN,,,,,,1,0
10,NOUN,CONJ,NOUN,,NOUN,,,,,,1,0
16,ADJF,NOUN,PREP,NOUN,ADJF,,,,,,1,0
9,NOUN,NOUN,NOUN,NOUN,,PREP,ADJF,NOUN,NOUN,,1,0
3,NOUN,PREP,,,,,,,,,16,0
5,,,,,,NOUN,CONJ,NOUN,ADJF,,1,0
19,ADJF,ADJF,NOUN,NUMR,NOUN,,,,,,1,0
10,,,,,,PREP,NOUN,PREP,,NOUN,1,0
15,,,,,,,,NOUN,ADVB,NOUN,3,0
31,CONJ,NOUN,ADJF,PREP,NOUN,PREP,ADJF,NOUN,NOUN,,1,0
9,,NOUN,NOUN,NOUN,NOUN,,,,,,3,0
3,NOUN,,,,,NOUN,,,,,1,0
31,NOUN,NOUN,NOUN,NPRO,ADVB,NOUN,CONJ,NUMR,NOUN,,1,0
21,NOUN,PREP,NOUN,PREP,NOUN,NOUN,INFN,ADJF,ADJF,NOUN,1,0
32,PREP,NOUN,INFN,NOUN,,ADVB,NPRO,ADVB,INFN,NOUN,1,0
16,ADJF,NOUN,PREP,NOUN,ADJF,,,,,,1,0
70,ADJF,NOUN,ADJF,PREP,NOUN,NOUN,NOUN,PREP,NOUN,NOUN,6,0
26,INFN,ADVB,NOUN,ADJF,PREP,CONJ,INFN,ADJF,NOUN,,3,0
10,PREP,NOUN,INFN,NOUN,PREP,NOUN,PREP,NOUN,,,1,0
24,NOUN,NOUN,PREP,NOUN,ADJF,NOUN,,,,,1,0
8,,,,,,NOUN,NOUN,PREP,NOUN,PREP,1,0
27,NOUN,ADJF,NOUN,NPRO,NOUN,NOUN,NOUN,NOUN,NOUN,NOUN,1,0
6,,,,,,NOUN,,NOUN,,NOUN,1,0
3,PREP,NOUN,,,,,,,,,6,0
5,PREP,CONJ,NOUN,PREP,,,,,,,1,0
4,,,,,,PREP,NOUN,NOUN,,,2,0
13,,,,,,PREP,ADJF,NOUN,ADJF,ADJF,1,0
3,ADJF,PREP,,,,,,,,,2,0
31,ADJF,ADJF,PREP,ADJF,ADVB,ADJF,CONJ,ADVB,ADVB,INFN,1,0
3,PREP,,,,,INFN,,,,,1,0
28,PREP,CONJ,NOUN,ADJF,ADJF,ADJF,NOUN,CONJ,CONJ,ADVB,1,0
17,ADJF,NOUN,NOUN,NOUN,ADJF,PREP,NUMR,NOUN,INFN,PREP,1,0
3,NOUN,,,,,NOUN,,,,,3,0
3,ADJF,,,,,ADJF,,,,,1,0
36,ADJF,NOUN,ADVB,NOUN,PREP,ADJF,NOUN,,PREP,ADJF,6,0
39,,,,,,NOUN,NOUN,NOUN,,CONJ,10,0
3,,,,,,NOUN,ADJF,,,,1,0
3,,,,,,PREP,ADJF,,,,3,0
3,,,,,,NOUN,NOUN,,,,4,0
32,PREP,INFN,NOUN,NOUN,NOUN,PREP,NOUN,PREP,NOUN,,6,0
8,,,,,,NOUN,NOUN,PREP,NOUN,PREP,1,0
27,PREP,NOUN,ADJF,PREP,INFN,,,,,,1,0
85,NOUN,,ADJF,NOUN,NOUN,,,,CONJ,,1,0
15,NOUN,NOUN,ADJF,ADJF,,NOUN,,NOUN,ADJF,ADJF,3,0
5,ADJF,NOUN,,,,NOUN,ADJF,,,,1,0
11,NOUN,ADJF,NOUN,,PREP,NOUN,,NOUN,,,1,0
49,ADJF,,,,,PREP,NOUN,NOUN,NOUN,PREP,3,0
4,,,,,,NOUN,,NOUN,,,3,0
3,,,,,,NOUN,PREP,,,,41,0
83,NOUN,PREP,NOUN,ADJF,PREP,CONJ,PREP,ADJF,INFN,PREP,6,0
19,ADJF,NOUN,PREP,NOUN,ADJF,,,,,,1,0
7,INFN,PRCL,PRCL,,,NOUN,NOUN,,,,3,0
27,ADJF,NOUN,NOUN,NOUN,NOUN,PREP,NOUN,ADJF,ADJF,NOUN,1,0
16,ADJF,NOUN,PREP,NOUN,ADJF,,,,,,1,0
13,NOUN,ADJF,PREP,NOUN,ADJF,NOUN,,NOUN,,,1,0
4,,,,,,PREP,NOUN,CONJ,,,2,0
24,PREP,INFN,NOUN,NOUN,,PREP,NOUN,PREP,NOUN,,3,0
15,PREP,NOUN,ADJF,NOUN,NOUN,ADJF,ADJF,CONJ,ADJF,NOUN,1,0
37,ADJF,NOUN,ADJF,INFN,NOUN,,,,,,1,0
15,NOUN,NOUN,CONJ,NOUN,INFN,,,,,,1,0
3,,,,,,ADJF,NOUN,,,,3,0
25,ADJF,CONJ,NOUN,NOUN,ADVB,,,,,,1,0
12,PREP,INTJ,,NOUN,PREP,,INTJ,PREP,NOUN,,1,0
4,,,,,,NOUN,PREP,ADJF,,,1,0
3,PRTF,,,,,PRTF,,,,,6,0
34,NOUN,,PREP,NOUN,NOUN,NOUN,INFN,PREP,INFN,CONJ,1,0
15,NOUN,NOUN,NOUN,,,PREP,NOUN,NOUN,INFN,,1,0
3,,,,,,PREP,NOUN,,,,1,0
10,NOUN,ADJF,NOUN,,ADVB,NOUN,,NOUN,,,1,0
3,,,,,,PREP,NOUN,,,,55,0
4,,,,,,NOUN,ADJF,NOUN,,,1,0
4,ADJF,,,,,NOUN,ADJF,,,,1,0
3,ADJF,PREP,,,,,,,,,2,0
42,PREP,NOUN,ADJF,INFN,NOUN,NOUN,,,,,1,0
19,ADJF,NOUN,NOUN,ADJF,CONJ,ADVB,NOUN,ADJF,CONJ,ADJF,1,0
35,NOUN,PREP,ADJF,NOUN,ADJF,NOUN,PREP,NOUN,NOUN,NOUN,1,0
24,PREP,,,,,ADJF,NOUN,NOUN,NOUN,INFN,6,0
26,ADJF,NUMR,NOUN,NOUN,NUMR,NUMR,NOUN,PREP,NUMR,NOUN,1,0
20,NOUN,PREP,NOUN,NOUN,PREP,NOUN,,,,,1,0
15,NOUN,PREP,NOUN,ADJF,ADJF,NOUN,INFN,NOUN,CONJ,NOUN,6,0
4,ADJF,NOUN,ADJF,,,,,,,,3,0
19,ADJF,NOUN,PREP,NOUN,ADJF,,,,,,1,0
21,PREP,ADJF,NOUN,PREP,ADJF,PREP,NOUN,NOUN,ADVB,ADJF,1,0
5,,,,,,NOUN,ADJF,CONJ,ADJF,,26,0
4,,,,,,NOUN,,NOUN,,,36,0
8,,,,,,NOUN,ADJF,,NOUN,PREP,1,0
3,,,,,,NOUN,NOUN,,,,10,0
3,,,,,,INFN,PREP,,,,1,0
4,NOUN,ADJF,PREP,,,,,,,,2,0
4,NOUN,NOUN,ADJF,,,,,,,,159,0
7,,,,,,PREP,ADJF,NOUN,INFN,PREP,1,0
8,,,,,,NOUN,NOUN,PREP,NOUN,PREP,1,0
16,ADJF,ADJF,NOUN,ADJF,ADJF,CONJ,ADJF,NOUN,PREP,NOUN,3,0
3,INFN,ADJF,,,,,,,,,1,0
34,NOUN,NOUN,ADJF,ADJF,PREP,NOUN,,NOUN,CONJ,NOUN,1,0
8,ADJF,NOUN,NOUN,NOUN,NOUN,INFN,NOUN,,,,1,0
26,,NOUN,NOUN,ADJF,ADJF,,,,,,3,0
16,ADJF,NOUN,ADJF,NOUN,NOUN,NOUN,NOUN,GRND,,,1,0
29,PREP,NOUN,PREP,INFN,NOUN,NOUN,CONJ,INFN,CONJ,INFN,1,0
4,,,,,,NOUN,,NOUN,,,3,0
17,NOUN,ADVB,PREP,NOUN,NOUN,ADJF,NOUN,NOUN,NOUN,,1,0
53,ADJF,NOUN,ADJF,NOUN,ADJF,CONJ,ADJF,NOUN,INFN,NPRO,6,0
5,,,,,,NOUN,ADJF,NOUN,ADJF,,1,0
27,NOUN,PREP,,NOUN,,ADJF,NOUN,INFN,INFN,NOUN,1,0
4,ADJF,ADJF,NOUN,,,,,,,,1,0
16,PREP,NOUN,NOUN,CONJ,,NOUN,INFN,NOUN,PREP,NOUN,1,0
6,ADJF,,,,,,NOUN,,,,1,0
4,,,,,,NOUN,NOUN,ADJF,,,5,0
24,ADJF,CONJ,NOUN,ADJF,NOUN,INFN,PREP,NOUN,CONJ,NOUN,3,0
13,NOUN,PREP,NUMR,VERB,NOUN,PREP,ADJF,NOUN,NOUN,,3,0
33,NOUN,PREP,NOUN,NOUN,INFN,,CONJ,ADJF,NOUN,CONJ,1,0
29,INFN,NOUN,NOUN,PREP,NOUN,NOUN,,,NOUN,PREP,3,0
7,NOUN,,NOUN,NOUN,ADJF,ADJS,,,,,1,0
3,,,,,,ADJF,NOUN,,,,1,0
3,NOUN,PREP,,,,,,,,,1,0
12,ADJF,PREP,NOUN,ADJF,PRCL,ADJF,ADJF,NOUN,,,1,0
16,ADJF,NOUN,PREP,NOUN,ADJF,,,,,,1,0
19,PREP,INFN,NOUN,ADJF,ADJF,PREP,NOUN,,,,3,0
14,PRCL,NOUN,NPRO,ADJF,NOUN,ADJF,NOUN,,,,6,0
17,,NOUN,,,,PREP,ADJF,ADJF,NOUN,PREP,1,0
3,,,,,,ADVB,INFN,,,,2,0
12,PREP,,,,,PREP,NOUN,PREP,,NOUN,1,0
16,ADJF,NOUN,PREP,NOUN,ADJF,,,,,,1,0
25,ADJF,PREP,ADJF,NOUN,PREP,PREP,NOUN,NOUN,NOUN,PREP,1,0
31,NOUN,PREP,NOUN,NOUN,ADJF,NOUN,ADJF,INFN,NOUN,ADJF,1,0
4,,,,,,INFN,ADJF,NOUN,,,3,0
16,ADJF,NOUN,PREP,NOUN,ADJF,,,,,,1,0
12,ADJF,ADJF,PREP,ADVB,CONJ,CONJ,NOUN,,,,1,0
59,PREP,,,,,PREP,NOUN,,NOUN,NOUN,1,0
12,ADVB,,,,,ADJF,ADJF,ADJF,NOUN,PREP,1,0
27,,,,,,ADJF,NOUN,PREP,,ADJF,1,0
13,,,,,,ADJF,ADJF,NOUN,PREP,NOUN,1,0
17,PREP,NOUN,NOUN,ADJF,PREP,INFN,NOUN,ADJF,CONJ,,1,0
7,,,,,,NOUN,INFN,NOUN,CONJ,,10,0
17,ADJF,ADJF,NOUN,ADJF,INFN,ADVB,,,,,3,0
5,NOUN,NOUN,ADJF,PREP,,,,,,,2,0
13,ADJF,NOUN,NOUN,NOUN,ADJF,ADJF,PREP,ADJF,NOUN,NOUN,1,0
48,,,,,,NOUN,ADJF,CONJ,ADJF,ADJF,10,0
19,ADJF,NOUN,PREP,NOUN,ADJF,,,,,,1,0
5,,,,,,NOUN,,NOUN,NOUN,,3,0
29,ADJF,NOUN,NOUN,NOUN,,NOUN,PREP,NOUN,ADJF,NOUN,1,0
16,ADJF,NOUN,PREP,NOUN,ADJF,,,,,,1,0
5,,,,,,,NOUN,,NOUN,,3,0
4,,,,,,NOUN,NOUN,INFN,,,1,0
15,CONJ,NOUN,NOUN,ADJF,NOUN,NOUN,NOUN,CONJ,NOUN,PREP,6,0
6,ADJF,,,,,NOUN,NOUN,,NOUN,,1,0
34,ADJF,PREP,INFN,NOUN,PREP,CONJ,,INFN,NOUN,CONJ,1,0
15,ADVB,NOUN,NOUN,NOUN,,PREP,NOUN,NOUN,CONJ,ADVB,6,0
28,ADJF,NOUN,ADJF,PREP,INFN,,,,,,3,0
5,,,,,,ADJS,NOUN,,NOUN,,1,0
3,,,,,,CONJ,ADJF,,,,8,0
13,NOUN,ADJF,,NOUN,NOUN,INFN,PREP,ADJF,NOUN,PREP,3,0
3,,,,,,CONJ,CONJ,,,,26,0
25,NOUN,NOUN,ADVB,NOUN,NOUN,NOUN,PREP,NOUN,NOUN,PREP,1,0
3,,,,,,PREP,NOUN,,,,11,0
3,,,,,,CONJ,INFN,,,,2,0
61,NOUN,ADJF,INFN,NOUN,ADJF,PREP,NOUN,PREP,NOUN,CONJ,36,0
41,NOUN,ADJF,INFN,NOUN,CONJ,NOUN,NPRO,NOUN,INFN,ADJF,1,0
22,NOUN,ADJF,NOUN,NOUN,ADJF,NOUN,,NOUN,CONJ,ADJF,1,0
5,,,,,,PREP,NOUN,NOUN,NOUN,,1,0
3,,,,,,NOUN,NOUN,,,,467,0
16,ADJF,NOUN,PREP,NOUN,ADJF,,,,,,1,0
20,NOUN,ADJF,NOUN,ADJF,PREP,NOUN,,NOUN,ADJF,NOUN,6,0
3,,,,,,PREP,NOUN,,,,11,0
21,INFN,INFN,ADJF,NOUN,NUMR,,,,,,1,0
10,,,,,,NOUN,,NOUN,CONJ,NOUN,3,0
10,PREP,INTJ,,NOUN,,PREP,,INTJ,PREP,NOUN,1,0
24,INFN,PRCL,,,INFN,NOUN,NOUN,,,,3,0
4,NOUN,,,,,NOUN,NOUN,,,,1,0
12,NOUN,,ADJF,NOUN,,NOUN,,,,,6,0
7,NOUN,ADJF,,,,ADJF,NOUN,,NOUN,,1,0
3,NOUN,,,,,NOUN,,,,,1,0
29,NOUN,NOUN,PRCL,ADJF,,INFN,NOUN,ADJF,NOUN,PREP,1,0
7,,,,,,NOUN,,NOUN,PREP,NOUN,2,0
21,,,,,,PREP,NOUN,PREP,NOUN,INFN,1,0
58,PREP,INFN,NOUN,NOUN,NOUN,INFN,PREP,NOUN,CONJ,NOUN,6,0
8,,,,,,NOUN,NOUN,NOUN,INFN,CONJ,2,0
28,ADJF,NOUN,ADJF,NOUN,INFN,CONJ,NOUN,NOUN,ADVB,ADJF,3,0
28,ADJF,ADJF,NOUN,PREP,,,,,,,1,0
38,PREP,NOUN,NOUN,NOUN,,NOUN,INFN,NOUN,NOUN,NOUN,1,0
18,ADJF,PREP,NOUN,PREP,ADJF,NOUN,NOUN,PREP,ADJF,NOUN,1,0
29,NOUN,ADJF,PREP,CONJ,,INFN,ADVB,ADJF,INFN,NOUN,1,0
